block,route,start_usdc,intermediate_weth,final_usdc,gross_profit_usdc,estimated_gas_usdc,estimated_net_profit_usdc,passes_threshold
26163817,SushiSwap -> Uniswap,50.000000,0.019858187012461066,49.653001,-0.346999,0.057564,-0.404563,false
26163817,Uniswap -> SushiSwap,50.000000,0.019876968219178164,49.711899,-0.288101,0.057564,-0.345665,false
26163817,SushiSwap -> Uniswap,130.120482,0.051649520082698894,129.142383,-0.978099,0.057564,-1.035663,false
26163817,Uniswap -> SushiSwap,130.120482,0.051727605911305211,129.295745,-0.824737,0.057564,-0.882301,false
26163817,SushiSwap -> Uniswap,210.240964,0.083404434899277293,208.539461,-1.701503,0.057564,-1.759067,false
26163817,Uniswap -> SushiSwap,210.240964,0.083577741420281181,208.787393,-1.453571,0.057564,-1.511135,false
26163817,SushiSwap -> Uniswap,290.361446,0.115122994004240632,287.844396,-2.517050,0.057564,-2.574614,false
26163817,Uniswap -> SushiSwap,290.361446,0.115427374757982726,288.187002,-2.174444,0.057564,-2.232008,false
26163817,SushiSwap -> Uniswap,370.481928,0.146805259796508367,367.057349,-3.424579,0.057564,-3.482143,false
26163817,Uniswap -> SushiSwap,370.481928,0.147276505936286122,367.494733,-2.987195,0.057564,-3.044759,false
26163817,SushiSwap -> Uniswap,450.602410,0.178451294532284229,446.178479,-4.423931,0.057564,-4.481495,false
26163817,Uniswap -> SushiSwap,450.602410,0.179125134967067270,446.710745,-3.891665,0.057564,-3.949229,false
26163817,SushiSwap -> Uniswap,530.722892,0.210061160325464006,525.207947,-5.514945,0.057564,-5.572509,false
26163817,Uniswap -> SushiSwap,530.722892,0.210973261862201697,525.835198,-4.887694,0.057564,-4.945258,false
26163817,SushiSwap -> Uniswap,610.843373,0.241634918754188506,604.145910,-6.697463,0.057564,-6.755027,false
26163817,Uniswap -> SushiSwap,610.843373,0.242820886236071019,604.868248,-5.975125,0.057564,-6.032689,false
26163817,SushiSwap -> Uniswap,690.963855,0.273172632437111737,682.992529,-7.971326,0.057564,-8.028890,false
26163817,Uniswap -> SushiSwap,690.963855,0.274668008895543354,683.810056,-7.153799,0.057564,-7.211363,false
26163817,SushiSwap -> Uniswap,771.084337,0.304674362669334713,761.747962,-9.336375,0.057564,-9.393939,false
26163817,Uniswap -> SushiSwap,771.084337,0.306514629454993303,762.660778,-8.423559,0.057564,-8.481123,false
26163817,SushiSwap -> Uniswap,851.204819,0.336140170999571408,840.412367,-10.792452,0.057564,-10.850016,false
26163817,Uniswap -> SushiSwap,851.204819,0.338360747926294895,841.420574,-9.784245,0.057564,-9.841809,false
26163817,SushiSwap -> Uniswap,931.325301,0.367570118836245916,918.985901,-12.339400,0.057564,-12.396964,false
26163817,Uniswap -> SushiSwap,931.325301,0.370206364321321785,920.089599,-11.235702,0.057564,-11.293266,false
26163817,SushiSwap -> Uniswap,1011.445783,0.398964267447891930,997.468722,-13.977061,0.057564,-14.034625,false
26163817,Uniswap -> SushiSwap,1011.445783,0.402051478651947252,998.668010,-12.777773,0.057564,-12.835337,false
26163817,SushiSwap -> Uniswap,1091.566265,0.430322677963550859,1075.860986,-15.705279,0.057564,-15.762843,false
26163817,Uniswap -> SushiSwap,1091.566265,0.433896090930044204,1077.155965,-14.410300,0.057564,-14.467864,false
26163817,SushiSwap -> Uniswap,1171.686747,0.461645411373168587,1154.162852,-17.523895,0.057564,-17.581459,false
26163817,Uniswap -> SushiSwap,1171.686747,0.465740201167485172,1155.553618,-16.133129,0.057564,-16.190693,false
26163817,SushiSwap -> Uniswap,1251.807229,0.492932528527990879,1232.374474,-19.432755,0.057564,-19.490319,false
26163817,Uniswap -> SushiSwap,1251.807229,0.497583809376142314,1233.861127,-17.946102,0.057564,-18.003666,false
26163817,SushiSwap -> Uniswap,1331.927711,0.524184090140957432,1310.496008,-21.431703,0.057564,-21.489267,false
26163817,Uniswap -> SushiSwap,1331.927711,0.529426915567887412,1312.078645,-19.849066,0.057564,-19.906630,false
26163817,SushiSwap -> Uniswap,1412.048193,0.555400156787094596,1388.527611,-23.520582,0.057564,-23.578146,false
26163817,Uniswap -> SushiSwap,1412.048193,0.561269519754591876,1390.206329,-21.841864,0.057564,-21.899428,false
26163817,SushiSwap -> Uniswap,1492.168675,0.586580788903906747,1466.469437,-25.699238,0.057564,-25.756802,false
26163817,Uniswap -> SushiSwap,1492.168675,0.593111621948126740,1468.244333,-23.924342,0.057564,-23.981906,false
26163817,SushiSwap -> Uniswap,1572.289157,0.617726046791766331,1544.321642,-27.967515,0.057564,-28.025079,false
26163817,Uniswap -> SushiSwap,1572.289157,0.624953222160362664,1546.192811,-26.096346,0.057564,-26.153910,false
26163817,SushiSwap -> Uniswap,1652.409639,0.648835990614302583,1622.084379,-30.325260,0.057564,-30.382824,false
26163817,Uniswap -> SushiSwap,1652.409639,0.656794320403169934,1624.051917,-28.357722,0.057564,-28.415286,false
26163817,SushiSwap -> Uniswap,1732.530120,0.679910680011159168,1699.757803,-32.772317,0.057564,-32.829881,false
26163817,Uniswap -> SushiSwap,1732.530120,0.688634916291012648,1701.821804,-30.708316,0.057564,-30.765880,false
26163817,SushiSwap -> Uniswap,1812.650602,0.710950175649338171,1777.342068,-35.308534,0.057564,-35.366098,false
26163817,Uniswap -> SushiSwap,1812.650602,0.720475010630578235,1779.502627,-33.147975,0.057564,-33.205539,false
26163817,SushiSwap -> Uniswap,1892.771084,0.741954536896488920,1854.837327,-37.933757,0.057564,-37.991321,false
26163817,Uniswap -> SushiSwap,1892.771084,0.752314603036323781,1857.094538,-35.676546,0.057564,-35.734110,false
26163817,SushiSwap -> Uniswap,1972.891566,0.772923823373128632,1932.243733,-40.647833,0.057564,-40.705397,false
26163817,Uniswap -> SushiSwap,1972.891566,0.784153693520118074,1934.597690,-38.293876,0.057564,-38.351440,false
26163817,SushiSwap -> Uniswap,2053.012048,0.803858094564955183,2009.561439,-43.450609,0.057564,-43.508173,false
26163817,Uniswap -> SushiSwap,2053.012048,0.815992282093829529,2012.012234,-40.999814,0.057564,-41.057378,false
26163817,SushiSwap -> Uniswap,2133.132530,0.834757409823227976,2086.790597,-46.341933,0.057564,-46.399497,false
26163817,Uniswap -> SushiSwap,2133.132530,0.847830368769326186,2089.338323,-43.794207,0.057564,-43.851771,false
26163817,SushiSwap -> Uniswap,2213.253012,0.865621828365147517,2163.931360,-49.321652,0.057564,-49.379216,false
26163817,Uniswap -> SushiSwap,2213.253012,0.879667953558475712,2166.576108,-46.676904,0.057564,-46.734468,false
26163817,SushiSwap -> Uniswap,2293.373494,0.896451409274233705,2240.983879,-52.389615,0.057564,-52.447179,false
26163817,Uniswap -> SushiSwap,2293.373494,0.911505036473145400,2243.725741,-49.647753,0.057564,-49.705317,false
26163817,SushiSwap -> Uniswap,2373.493976,0.927246211500702844,2317.948305,-55.545671,0.057564,-55.603235,false
26163817,Uniswap -> SushiSwap,2373.493976,0.943341617525202167,2320.787372,-52.706604,0.057564,-52.764168,false
26163817,SushiSwap -> Uniswap,2453.614458,0.958006293861843380,2394.824789,-58.789669,0.057564,-58.847233,false
26163817,Uniswap -> SushiSwap,2453.614458,0.975177696726512557,2397.761151,-55.853307,0.057564,-55.910871,false
26163817,SushiSwap -> Uniswap,2533.734940,0.988731715042390362,2471.613483,-62.121457,0.057564,-62.179021,false
26163817,Uniswap -> SushiSwap,2533.734940,1.007013274088942741,2474.647229,-59.087711,0.057564,-59.145275,false
26163817,SushiSwap -> Uniswap,2613.855422,1.019422533594898649,2548.314535,-65.540887,0.057564,-65.598451,false
26163817,Uniswap -> SushiSwap,2613.855422,1.038848349624358513,2551.445756,-62.409666,0.057564,-62.467230,false
26163817,SushiSwap -> Uniswap,2693.975904,1.050078807940114844,2624.928097,-69.047807,0.057564,-69.105371,false
26163817,Uniswap -> SushiSwap,2693.975904,1.070682923344625297,2628.156881,-65.819023,0.057564,-65.876587,false
26163817,SushiSwap -> Uniswap,2774.096386,1.080700596367347984,2701.454318,-72.642068,0.057564,-72.699632,false
26163817,Uniswap -> SushiSwap,2774.096386,1.102516995261608139,2704.780753,-69.315633,0.057564,-69.373197,false
26163817,SushiSwap -> Uniswap,2854.216867,1.111287956653286522,2777.893345,-76.323522,0.057564,-76.381086,false
26163817,Uniswap -> SushiSwap,2854.216867,1.134350564989853594,2781.317520,-72.899347,0.057564,-72.956911,false
26163817,SushiSwap -> Uniswap,2934.337349,1.141840947589004928,2854.245331,-80.092018,0.057564,-80.149582,false
26163817,Uniswap -> SushiSwap,2934.337349,1.166183633335868462,2857.767332,-76.570017,0.057564,-76.627581,false
26163817,SushiSwap -> Uniswap,3014.457831,1.172359626689729380,2930.510422,-83.947409,0.057564,-84.004973,false
26163817,Uniswap -> SushiSwap,3014.457831,1.198016199914192288,2934.130337,-80.327494,0.057564,-80.385058,false
26163817,SushiSwap -> Uniswap,3094.578313,1.202844051722700562,3006.688767,-87.889546,0.057564,-87.947110,false
26163817,Uniswap -> SushiSwap,3094.578313,1.229848264736688622,3010.406682,-84.171631,0.057564,-84.229195,false
26163817,SushiSwap -> Uniswap,3174.698795,1.233294280325556356,3082.780514,-91.918281,0.057564,-91.975845,false
26163817,Uniswap -> SushiSwap,3174.698795,1.261679827815220643,3086.596515,-88.102280,0.057564,-88.159844,false
26163817,SushiSwap -> Uniswap,3254.819277,1.263710370006695103,3158.785810,-96.033467,0.057564,-96.091031,false
26163817,Uniswap -> SushiSwap,3254.819277,1.293510889161651153,3162.699983,-92.119294,0.057564,-92.176858,false
26163817,SushiSwap -> Uniswap,3334.939759,1.294092378145637639,3234.704803,-100.234956,0.057564,-100.292520,false
26163817,Uniswap -> SushiSwap,3334.939759,1.325341448787842583,3238.717232,-96.222527,0.057564,-96.280091,false
26163817,SushiSwap -> Uniswap,3415.060241,1.324440361993388109,3310.537640,-104.522601,0.057564,-104.580165,false
26163817,Uniswap -> SushiSwap,3415.060241,1.357171506705656988,3314.648409,-100.411832,0.057564,-100.469396,false
26163817,SushiSwap -> Uniswap,3495.180723,1.354754378672793579,3386.284466,-108.896257,0.057564,-108.953821,false
26163817,Uniswap -> SushiSwap,3495.180723,1.389001062926956050,3390.493660,-104.687063,0.057564,-104.744627,false
26163817,SushiSwap -> Uniswap,3575.301205,1.385034485178902437,3461.945429,-113.355776,0.057564,-113.413340,false
26163817,Uniswap -> SushiSwap,3575.301205,1.420830117463601076,3466.253131,-109.048074,0.057564,-109.105638,false
26163817,SushiSwap -> Uniswap,3655.421687,1.415280738379321591,3537.520674,-117.901013,0.057564,-117.958577,false
26163817,Uniswap -> SushiSwap,3655.421687,1.452658670327453001,3541.926968,-113.494719,0.057564,-113.552283,false
26163817,SushiSwap -> Uniswap,3735.542169,1.445493195014572468,3613.010347,-122.531822,0.057564,-122.589386,false
26163817,Uniswap -> SushiSwap,3735.542169,1.484486721530372384,3617.515315,-118.026854,0.057564,-118.084418,false
26163817,SushiSwap -> Uniswap,3815.662651,1.475671911698445829,3688.414593,-127.248058,0.057564,-127.305622,false
26163817,Uniswap -> SushiSwap,3815.662651,1.516314271084219412,3693.018317,-122.644334,0.057564,-122.701898,false
26163817,SushiSwap -> Uniswap,3895.783133,1.505816944918355382,3763.733557,-132.049576,0.057564,-132.107140,false
26163817,Uniswap -> SushiSwap,3895.783133,1.548141319000853898,3768.436119,-127.347014,0.057564,-127.404578,false
26163817,SushiSwap -> Uniswap,3975.903614,1.535928350660073272,3838.967383,-136.936231,0.057564,-136.993795,false
26163817,Uniswap -> SushiSwap,3975.903614,1.579967864894904824,3843.768863,-132.134751,0.057564,-132.192315,false
26163817,SushiSwap -> Uniswap,4056.024096,1.566006185910967804,3914.116216,-141.907880,0.057564,-141.965444,false
26163817,Uniswap -> SushiSwap,4056.024096,1.611793909572698425,3919.016697,-137.007399,0.057564,-137.064963,false
26163817,SushiSwap -> Uniswap,4136.144578,1.596050506405395148,3989.180200,-146.964378,0.057564,-147.021942,false
26163817,Uniswap -> SushiSwap,4136.144578,1.643619452648856677,3994.179761,-141.964817,0.057564,-142.022381,false
26163817,SushiSwap -> Uniswap,4216.265060,1.626061368128773425,4064.159479,-152.105581,0.057564,-152.163145,false
26163817,Uniswap -> SushiSwap,4216.265060,1.675444494135237897,4069.258200,-147.006860,0.057564,-147.064424,false
26163817,SushiSwap -> Uniswap,4296.385542,1.656038826941894154,4139.054196,-157.331346,0.057564,-157.388910,false
26163817,Uniswap -> SushiSwap,4296.385542,1.707269034043700028,4144.252155,-152.133387,0.057564,-152.190951,false
26163817,SushiSwap -> Uniswap,4376.506024,1.685982938581268839,4213.864493,-162.641531,0.057564,-162.699095,false
26163817,Uniswap -> SushiSwap,4376.506024,1.739093072386100639,4219.161771,-157.344253,0.057564,-157.401817,false
26163817,SushiSwap -> Uniswap,4456.626506,1.715893758659474401,4288.590514,-168.035992,0.057564,-168.093556,false
26163817,Uniswap -> SushiSwap,4456.626506,1.770916609174296927,4293.987188,-162.639318,0.057564,-162.696882,false
26163817,SushiSwap -> Uniswap,4536.746988,1.745771342665497459,4363.232400,-173.514588,0.057564,-173.572152,false
26163817,Uniswap -> SushiSwap,4536.746988,1.802739644420145712,4368.728548,-168.018440,0.057564,-168.076004,false
26163817,SushiSwap -> Uniswap,4616.867470,1.775615745965077469,4437.790295,-179.077175,0.057564,-179.134739,false
26163817,Uniswap -> SushiSwap,4616.867470,1.834562178135503444,4443.385995,-173.481475,0.057564,-173.539039,false
26163817,SushiSwap -> Uniswap,4696.987952,1.805427023801048712,4512.264338,-184.723614,0.057564,-184.781178,false
26163817,Uniswap -> SushiSwap,4696.987952,1.866384210332226197,4517.959667,-179.028285,0.057564,-179.085849,false
26163817,SushiSwap -> Uniswap,4777.108434,1.835205231293681147,4586.654672,-190.453762,0.057564,-190.511326,false
26163817,Uniswap -> SushiSwap,4777.108434,1.898205741022169671,4592.449707,-184.658727,0.057564,-184.716291,false
26163817,SushiSwap -> Uniswap,4857.228916,1.864950423441020138,4660.961439,-196.267477,0.057564,-196.325041,false
26163817,Uniswap -> SushiSwap,4857.228916,1.930026770217189194,4666.856255,-190.372661,0.057564,-190.430225,false
26163817,SushiSwap -> Uniswap,4937.349398,1.894662655119225035,4735.184777,-202.164621,0.057564,-202.222185,false
26163817,Uniswap -> SushiSwap,4937.349398,1.961847297929139719,4741.179452,-196.169946,0.057564,-196.227510,false
26163817,SushiSwap -> Uniswap,5017.469880,1.924341981082906649,4809.324829,-208.145051,0.057564,-208.202615,false
26163817,Uniswap -> SushiSwap,5017.469880,1.993667324169875826,4815.419436,-202.050444,0.057564,-202.108008,false
26163817,SushiSwap -> Uniswap,5097.590361,1.953988455595644703,4883.381733,-214.208628,0.057564,-214.266192,false
26163817,Uniswap -> SushiSwap,5097.590361,2.025486848554108903,4889.576348,-208.014013,0.057564,-208.071577,false
26163817,SushiSwap -> Uniswap,5177.710843,1.983602133910007618,4957.355631,-220.355212,0.057564,-220.412776,false
26163817,Uniswap -> SushiSwap,5177.710843,2.057305871887984678,4963.650328,-214.060515,0.057564,-214.118079,false
26163817,SushiSwap -> Uniswap,5257.831325,2.013183070047745617,5031.246661,-226.584664,0.057564,-226.642228,false
26163817,Uniswap -> SushiSwap,5257.831325,2.089124393786207532,5037.641514,-220.189811,0.057564,-220.247375,false
26163817,SushiSwap -> Uniswap,5337.951807,2.042731318280627654,5105.054963,-232.896844,0.057564,-232.954408,false
26163817,Uniswap -> SushiSwap,5337.951807,2.120942414260630551,5111.550046,-226.401761,0.057564,-226.459325,false
26163817,SushiSwap -> Uniswap,5418.072289,2.072246932760544743,5178.780675,-239.291614,0.057564,-239.349178,false
26163817,Uniswap -> SushiSwap,5418.072289,2.152759933323106447,5185.376061,-232.696228,0.057564,-232.753792,false
26163817,SushiSwap -> Uniswap,5498.192771,2.101729967519840773,5252.423936,-245.768835,0.057564,-245.826399,false
26163817,Uniswap -> SushiSwap,5498.192771,2.184576950985487558,5259.119697,-239.073074,0.057564,-239.130638,false
26163817,SushiSwap -> Uniswap,5578.313253,2.131180476471642213,5325.984885,-252.328368,0.057564,-252.385932,false
26163817,Uniswap -> SushiSwap,5578.313253,2.216393467259625848,5332.781093,-245.532160,0.057564,-245.589724,false
26163817,SushiSwap -> Uniswap,5658.433735,2.160598513410186740,5399.463658,-258.970077,0.057564,-259.027641,false
26163817,Uniswap -> SushiSwap,5658.433735,2.248209482157372909,5406.360386,-252.073349,0.057564,-252.130913,false
26163817,SushiSwap -> Uniswap,5738.554217,2.189984132011150771,5472.860394,-265.693823,0.057564,-265.751387,false
26163817,Uniswap -> SushiSwap,5738.554217,2.280024995690579958,5479.857713,-258.696504,0.057564,-258.754068,false
26163817,SushiSwap -> Uniswap,5818.674699,2.219337385831975914,5546.175230,-272.499469,0.057564,-272.557033,false
26163817,Uniswap -> SushiSwap,5818.674699,2.311840007871097840,5553.273211,-265.401488,0.057564,-265.459052,false
26163817,SushiSwap -> Uniswap,5898.795181,2.248658328312194350,5619.408304,-279.386877,0.057564,-279.444441,false
26163817,Uniswap -> SushiSwap,5898.795181,2.343654518710777024,5626.607017,-272.188164,0.057564,-272.245728,false
26163817,SushiSwap -> Uniswap,5978.915663,2.277947012773753124,5692.559751,-286.355912,0.057564,-286.413476,false
26163817,Uniswap -> SushiSwap,5978.915663,2.375468528221467609,5699.859267,-279.056396,0.057564,-279.113960,false
26163817,SushiSwap -> Uniswap,6059.036145,2.307203492421337386,5765.629708,-293.406437,0.057564,-293.464001,false
26163817,Uniswap -> SushiSwap,6059.036145,2.407282036415019317,5773.030096,-286.006049,0.057564,-286.063613,false
26163817,SushiSwap -> Uniswap,6139.156627,2.336427820342692549,5838.618311,-300.538316,0.057564,-300.595880,false
26163817,Uniswap -> SushiSwap,6139.156627,2.439095043303281499,5846.119641,-293.036986,0.057564,-293.094550,false
26163817,SushiSwap -> Uniswap,6219.277108,2.365620049144791356,5911.525696,-307.751412,0.057564,-307.808976,false
26163817,Uniswap -> SushiSwap,6219.277108,2.470907548501047920,5919.128036,-300.149072,0.057564,-300.206636,false
26163817,SushiSwap -> Uniswap,6299.397590,2.394780232411169735,5984.351999,-315.045591,0.057564,-315.103155,false
26163817,Uniswap -> SushiSwap,6299.397590,2.502719552814283864,5992.055418,-307.342172,0.057564,-307.399736,false
26163817,SushiSwap -> Uniswap,6379.518072,2.423908422516121955,6057.097355,-322.420717,0.057564,-322.478281,false
26163817,Uniswap -> SushiSwap,6379.518072,2.534531055857776091,6064.901921,-314.616151,0.057564,-314.673715,false
26163817,SushiSwap -> Uniswap,6459.638554,2.453004672082834983,6129.761898,-329.876656,0.057564,-329.934220,false
26163817,Uniswap -> SushiSwap,6459.638554,2.566342057643372459,6137.667678,-321.970876,0.057564,-322.028440,false
26163817,SushiSwap -> Uniswap,6539.759036,2.482069033619151037,6202.345763,-337.413273,0.057564,-337.470837,false
26163817,Uniswap -> SushiSwap,6539.759036,2.598152558182920450,6210.352826,-329.406210,0.057564,-329.463774,false
26163817,SushiSwap -> Uniswap,6619.879518,2.511101559517883446,6274.849085,-345.030433,0.057564,-345.087997,false
26163817,Uniswap -> SushiSwap,6619.879518,2.629962557488267175,6282.957496,-336.922022,0.057564,-336.979586,false
26163817,SushiSwap -> Uniswap,6700.000000,2.540102302057131465,6347.271998,-352.728002,0.057564,-352.785566,false
26163817,Uniswap -> SushiSwap,6700.000000,2.661772055571259370,6355.481823,-344.518177,0.057564,-344.575741,false
26163817,SushiSwap -> Uniswap,6780.120482,2.569071313400594067,6419.614634,-360.505848,0.057564,-360.563412,false
26163817,Uniswap -> SushiSwap,6780.120482,2.693581052443743398,6427.925941,-352.194541,0.057564,-352.252105,false
26163817,SushiSwap -> Uniswap,6860.240964,2.598008645597882695,6491.877129,-368.363835,0.057564,-368.421399,false
26163817,Uniswap -> SushiSwap,6860.240964,2.725389548117565250,6500.289981,-359.950983,0.057564,-360.008547,false
26163817,SushiSwap -> Uniswap,6940.361446,2.626914350584832997,6564.059613,-376.301833,0.057564,-376.359397,false
26163817,Uniswap -> SushiSwap,6940.361446,2.757197542604570541,6572.574078,-367.787368,0.057564,-367.844932,false
26163817,SushiSwap -> Uniswap,7020.481928,2.655788480183815534,6636.162222,-384.319706,0.057564,-384.377270,false
26163817,Uniswap -> SushiSwap,7020.481928,2.789005035916604514,6644.778362,-375.703566,0.057564,-375.761130,false
26163817,SushiSwap -> Uniswap,7100.602410,2.684631086104045471,6708.185086,-392.417324,0.057564,-392.474888,false
26163817,Uniswap -> SushiSwap,7100.602410,2.820812028065512041,6716.902967,-383.699443,0.057564,-383.757007,false
26163817,SushiSwap -> Uniswap,7180.722892,2.713442219941891261,6780.128338,-400.594554,0.057564,-400.652118,false
26163817,Uniswap -> SushiSwap,7180.722892,2.852618519063137617,6788.948024,-391.774868,0.057564,-391.832432,false
26163817,SushiSwap -> Uniswap,7260.843373,2.742221932822172731,6851.992110,-408.851263,0.057564,-408.908827,false
26163817,Uniswap -> SushiSwap,7260.843373,2.884424508524351478,6860.913664,-399.929709,0.057564,-399.987273,false
26163817,SushiSwap -> Uniswap,7340.963855,2.770970276834897252,6923.776534,-417.187321,0.057564,-417.244885,false
26163817,Uniswap -> SushiSwap,7340.963855,2.916229997254951405,6932.800020,-408.163835,0.057564,-408.221399,false
26163817,SushiSwap -> Uniswap,7421.084337,2.799687302880333700,6995.481741,-425.602596,0.057564,-425.660160,false
26163817,Uniswap -> SushiSwap,7421.084337,2.948034984869800633,7004.607221,-416.477116,0.057564,-416.534680,false
26163817,SushiSwap -> Uniswap,7501.204819,2.828373062106530305,7067.107863,-434.096956,0.057564,-434.154520,false
26163817,Uniswap -> SushiSwap,7501.204819,2.979839471380742164,7076.335400,-424.869419,0.057564,-424.926983,false
26163817,SushiSwap -> Uniswap,7581.325301,2.857027605550216903,7138.655029,-442.670272,0.057564,-442.727836,false
26163817,Uniswap -> SushiSwap,7581.325301,3.011643456799618631,7147.984685,-433.340616,0.057564,-433.398180,false
26163817,SushiSwap -> Uniswap,7661.445783,2.885650984137107611,7210.123371,-451.322412,0.057564,-451.379976,false
26163817,Uniswap -> SushiSwap,7661.445783,3.043446941138272290,7219.555207,-441.890576,0.057564,-441.948140,false
26163817,SushiSwap -> Uniswap,7741.566265,2.914243248682202514,7281.513019,-460.053246,0.057564,-460.110810,false
26163817,Uniswap -> SushiSwap,7741.566265,3.075249924408545026,7291.047095,-450.519170,0.057564,-450.576734,false
26163817,SushiSwap -> Uniswap,7821.686747,2.942804449890088375,7352.824102,-468.862645,0.057564,-468.920209,false
26163817,Uniswap -> SushiSwap,7821.686747,3.107052406622278349,7362.460481,-459.226266,0.057564,-459.283830,false
26163817,SushiSwap -> Uniswap,7901.807229,2.971334638355238358,7424.056750,-477.750479,0.057564,-477.808043,false
26163817,Uniswap -> SushiSwap,7901.807229,3.138854387791313399,7433.795491,-468.011738,0.057564,-468.069302,false
26163817,SushiSwap -> Uniswap,7981.927711,2.999833864562310783,7495.211092,-486.716619,0.057564,-486.774183,false
26163817,Uniswap -> SushiSwap,7981.927711,3.170655867927490940,7505.052257,-476.875454,0.057564,-476.933018,false
26163817,SushiSwap -> Uniswap,8062.048193,3.028302178886446900,7566.287258,-495.760935,0.057564,-495.818499,false
26163817,Uniswap -> SushiSwap,8062.048193,3.202456847042651363,7576.230905,-485.817288,0.057564,-485.874852,false
26163817,SushiSwap -> Uniswap,8142.168675,3.056739631593567700,7637.285376,-504.883299,0.057564,-504.940863,false
26163817,Uniswap -> SushiSwap,8142.168675,3.234257325148634689,7647.331565,-494.837110,0.057564,-494.894674,false
26163817,SushiSwap -> Uniswap,8222.289157,3.085146272840669765,7708.205575,-514.083582,0.057564,-514.141146,false
26163817,Uniswap -> SushiSwap,8222.289157,3.266057302257280562,7718.354365,-503.934792,0.057564,-503.992356,false
26163817,SushiSwap -> Uniswap,8302.409639,3.113522152676120145,7779.047983,-523.361656,0.057564,-523.419220,false
26163817,Uniswap -> SushiSwap,8302.409639,3.297856778380428255,7789.299432,-513.110207,0.057564,-513.167771,false
26163817,SushiSwap -> Uniswap,8382.530120,3.141867320686359940,7849.812727,-532.717393,0.057564,-532.774957,false
26163817,Uniswap -> SushiSwap,8382.530120,3.329655753133030331,7860.166893,-522.363227,0.057564,-522.420791,false
26163817,SushiSwap -> Uniswap,8462.650602,3.170181827410941057,7920.499937,-542.150665,0.057564,-542.208229,false
26163817,Uniswap -> SushiSwap,8462.650602,3.361454227320704243,7930.956878,-531.693724,0.057564,-531.751288,false
26163817,SushiSwap -> Uniswap,8542.771084,3.198465722220128357,7991.109738,-551.661346,0.057564,-551.718910,false
26163817,Uniswap -> SushiSwap,8542.771084,3.393252200558395556,8001.669512,-541.101572,0.057564,-541.159136,false
26163817,SushiSwap -> Uniswap,8622.891566,3.226719054730700527,8061.642258,-561.249308,0.057564,-561.306872,false
26163817,Uniswap -> SushiSwap,8622.891566,3.425049672857942049,8072.304921,-550.586645,0.057564,-550.644209,false
26163817,SushiSwap -> Uniswap,8703.012048,3.254941874452266860,8132.097624,-570.914424,0.057564,-570.971988,false
26163817,Uniswap -> SushiSwap,8703.012048,3.456846644231181130,8142.863234,-560.148814,0.057564,-560.206378,false
26163817,SushiSwap -> Uniswap,8783.132530,3.283134230787556442,8202.475963,-580.656567,0.057564,-580.714131,false
26163817,Uniswap -> SushiSwap,8783.132530,3.488643114689949835,8213.344574,-569.787956,0.057564,-569.845520,false
26163817,SushiSwap -> Uniswap,8863.253012,3.311296173032706415,8272.777399,-590.475613,0.057564,-590.533177,false
26163817,Uniswap -> SushiSwap,8863.253012,3.520439084246084824,8283.749070,-579.503942,0.057564,-579.561506,false
26163817,SushiSwap -> Uniswap,8943.373494,3.339427750377549303,8343.002061,-600.371433,0.057564,-600.428997,false
26163817,Uniswap -> SushiSwap,8943.373494,3.552234552911422387,8354.076845,-589.296649,0.057564,-589.354213,false
26163817,SushiSwap -> Uniswap,9023.493976,3.367529011905899402,8413.150072,-610.343904,0.057564,-610.401468,false
26163817,Uniswap -> SushiSwap,9023.493976,3.584029520697798440,8424.328026,-599.165950,0.057564,-599.223514,false
26163817,SushiSwap -> Uniswap,9103.614458,3.395600006595838257,8483.221559,-620.392899,0.057564,-620.450463,false
26163817,Uniswap -> SushiSwap,9103.614458,3.615823987617048526,8494.502737,-609.111721,0.057564,-609.169285,false
26163817,SushiSwap -> Uniswap,9183.734940,3.423640783319999209,8553.216647,-630.518293,0.057564,-630.575857,false
26163817,Uniswap -> SushiSwap,9183.734940,3.647617953681007814,8564.601104,-619.133836,0.057564,-619.191400,false
26163817,SushiSwap -> Uniswap,9263.855422,3.451651390845851023,8623.135461,-640.719961,0.057564,-640.777525,false
26163817,Uniswap -> SushiSwap,9263.855422,3.679411418901511102,8634.623250,-629.232172,0.057564,-629.289736,false
26163817,SushiSwap -> Uniswap,9343.975904,3.479631877835980607,8692.978125,-650.997779,0.057564,-651.055343,false
26163817,Uniswap -> SushiSwap,9343.975904,3.711204383290392815,8704.569301,-639.406603,0.057564,-639.464167,false
26163817,SushiSwap -> Uniswap,9424.096386,3.507582292848374815,8762.744764,-661.351622,0.057564,-661.409186,false
26163817,Uniswap -> SushiSwap,9424.096386,3.742996846859487003,8774.439379,-649.657007,0.057564,-649.714571,false
26163817,SushiSwap -> Uniswap,9504.216867,3.535502683988408432,8832.435500,-671.781367,0.057564,-671.838931,false
26163817,Uniswap -> SushiSwap,9504.216867,3.774788809223828531,8844.233608,-659.983259,0.057564,-660.040823,false
26163817,SushiSwap -> Uniswap,9584.337349,3.563393100302669631,8902.050460,-682.286889,0.057564,-682.344453,false
26163817,Uniswap -> SushiSwap,9584.337349,3.806580271188854585,8913.952113,-670.385236,0.057564,-670.442800,false
26163817,SushiSwap -> Uniswap,9664.457831,3.591253589688359526,8971.589765,-692.868066,0.057564,-692.925630,false
26163817,Uniswap -> SushiSwap,9664.457831,3.838371232369593033,8983.595017,-680.862814,0.057564,-680.920378,false
26163817,SushiSwap -> Uniswap,9744.578313,3.619084200287864683,9041.053540,-703.524773,0.057564,-703.582337,false
26163817,Uniswap -> SushiSwap,9744.578313,3.870161692777876435,9053.162442,-691.415871,0.057564,-691.473435,false
26163817,SushiSwap -> Uniswap,9824.698795,3.646884980140367079,9110.441908,-714.256887,0.057564,-714.314451,false
26163817,Uniswap -> SushiSwap,9824.698795,3.901951652425536978,9122.654511,-702.044284,0.057564,-702.101848,false
26163817,SushiSwap -> Uniswap,9904.819277,3.674655977182120509,9179.754990,-725.064287,0.057564,-725.121851,false
26163817,Uniswap -> SushiSwap,9904.819277,3.933741111324406477,9192.071345,-712.747932,0.057564,-712.805496,false
26163817,SushiSwap -> Uniswap,9984.939759,3.702397239246726107,9248.992910,-735.946849,0.057564,-736.004413,false
26163817,Uniswap -> SushiSwap,9984.939759,3.965530069486316375,9261.413069,-723.526690,0.057564,-723.584254,false
26163817,SushiSwap -> Uniswap,10065.060241,3.730108814065406973,9318.155789,-746.904452,0.057564,-746.962016,false
26163817,Uniswap -> SushiSwap,10065.060241,3.997318526923097740,9330.679802,-734.380439,0.057564,-734.438003,false
26163817,SushiSwap -> Uniswap,10145.180723,3.757790749267281931,9387.243750,-757.936973,0.057564,-757.994537,false
26163817,Uniswap -> SushiSwap,10145.180723,4.029106483646581269,9399.871668,-745.309055,0.057564,-745.366619,false
26163817,SushiSwap -> Uniswap,10225.301205,3.785443092379638404,9456.256914,-769.044291,0.057564,-769.101855,false
26163817,Uniswap -> SushiSwap,10225.301205,4.060893939668597286,9468.988786,-756.312419,0.057564,-756.369983,false
26163817,SushiSwap -> Uniswap,10305.421687,3.813065890828204410,9525.195403,-780.226284,0.057564,-780.283848,false
26163817,Uniswap -> SushiSwap,10305.421687,4.092680895000975743,9538.031279,-767.390408,0.057564,-767.447972,false
26163817,SushiSwap -> Uniswap,10385.542169,3.840659191937419693,9594.059337,-791.482832,0.057564,-791.540396,false
26163817,Uniswap -> SushiSwap,10385.542169,4.124467349655546217,9606.999266,-778.542903,0.057564,-778.600467,false
26163817,SushiSwap -> Uniswap,10465.662651,3.868223042930705983,9662.848838,-802.813813,0.057564,-802.871377,false
26163817,Uniswap -> SushiSwap,10465.662651,4.156253303644137916,9675.892869,-789.769782,0.057564,-789.827346,false
26163817,SushiSwap -> Uniswap,10545.783133,3.895757490930736392,9731.564027,-814.219106,0.057564,-814.276670,false
26163817,Uniswap -> SushiSwap,10545.783133,4.188038756978579671,9744.712208,-801.070925,0.057564,-801.128489,false
26163817,SushiSwap -> Uniswap,10625.903614,3.923262582616590316,9800.205022,-825.698592,0.057564,-825.756156,false
26163817,Uniswap -> SushiSwap,10625.903614,4.219823709273988621,9813.457402,-812.446212,0.057564,-812.503776,false
26163817,SushiSwap -> Uniswap,10706.024096,3.950738365596841158,9868.771945,-837.252151,0.057564,-837.309715,false
26163817,Uniswap -> SushiSwap,10706.024096,4.251608161335621748,9882.128572,-823.895524,0.057564,-823.953088,false
26163817,SushiSwap -> Uniswap,10786.144578,3.978184886350044214,9937.264917,-848.879661,0.057564,-848.937225,false
26163817,Uniswap -> SushiSwap,10786.144578,4.283392112778589197,9950.725837,-835.418741,0.057564,-835.476305,false
26163817,SushiSwap -> Uniswap,10866.265060,4.005602191598554894,10005.684055,-860.581005,0.057564,-860.638569,false
26163817,Uniswap -> SushiSwap,10866.265060,4.315175563614718309,10019.249316,-847.015744,0.057564,-847.073308,false
26163817,SushiSwap -> Uniswap,10946.385542,4.032990327965314108,10074.029480,-872.356062,0.057564,-872.413626,false
26163817,Uniswap -> SushiSwap,10946.385542,4.346958513855836055,10087.699129,-858.686413,0.057564,-858.743977,false
26163817,SushiSwap -> Uniswap,11026.506024,4.060349341974112540,10142.301310,-884.204714,0.057564,-884.262278,false
26163817,Uniswap -> SushiSwap,11026.506024,4.378740963513769033,10156.075393,-870.430631,0.057564,-870.488195,false
26163817,SushiSwap -> Uniswap,11106.626506,4.087679280049854076,10210.499664,-896.126842,0.057564,-896.184406,false
26163817,Uniswap -> SushiSwap,11106.626506,4.410522912600343468,10224.378229,-882.248277,0.057564,-882.305841,false
26163817,SushiSwap -> Uniswap,11186.746988,4.114980188518818398,10278.624662,-908.122326,0.057564,-908.179890,false
26163817,Uniswap -> SushiSwap,11186.746988,4.442304361127385213,10292.607752,-894.139236,0.057564,-894.196800,false
26163817,SushiSwap -> Uniswap,11266.867470,4.142252113608922738,10346.676420,-920.191050,0.057564,-920.248614,false
26163817,Uniswap -> SushiSwap,11266.867470,4.474085309106719748,10360.764083,-906.103387,0.057564,-906.160951,false
26163817,SushiSwap -> Uniswap,11346.987952,4.169495101449982802,10414.655058,-932.332894,0.057564,-932.390458,false
26163817,Uniswap -> SushiSwap,11346.987952,4.505865756550172181,10428.847338,-918.140614,0.057564,-918.198178,false
26163817,SushiSwap -> Uniswap,11427.108434,4.196709198073972858,10482.560693,-944.547741,0.057564,-944.605305,false
26163817,Uniswap -> SushiSwap,11427.108434,4.537645703469567247,10496.857634,-930.250800,0.057564,-930.308364,false
26163817,SushiSwap -> Uniswap,11507.228916,4.223894449415285005,10550.393442,-956.835474,0.057564,-956.893038,false
26163817,Uniswap -> SushiSwap,11507.228916,4.569425149876729308,10564.795090,-942.433826,0.057564,-942.491390,false
26163817,SushiSwap -> Uniswap,11587.349398,4.251050901310987612,10618.153423,-969.195975,0.057564,-969.253539,false
26163817,Uniswap -> SushiSwap,11587.349398,4.601204095783482355,10632.659822,-954.689576,0.057564,-954.747140,false
26163817,SushiSwap -> Uniswap,11667.469880,4.278178599501082939,10685.840753,-981.629127,0.057564,-981.686691,false
26163817,Uniswap -> SushiSwap,11667.469880,4.632982541201650006,10700.451946,-967.017934,0.057564,-967.075498,false
26163817,SushiSwap -> Uniswap,11747.590361,4.305277589290714906,10753.455547,-994.134814,0.057564,-994.192378,false
26163817,Uniswap -> SushiSwap,11747.590361,4.664760485746431648,10768.171579,-979.418782,0.057564,-979.476346,false
26163817,SushiSwap -> Uniswap,11827.710843,4.332347916902978666,10820.997925,-1006.712918,0.057564,-1006.770482,false
26163817,Uniswap -> SushiSwap,11827.710843,4.696537930222904117,10835.818838,-991.892005,0.057564,-991.949569,false
26163817,SushiSwap -> Uniswap,11907.831325,4.359389627449808648,10888.468001,-1019.363324,0.057564,-1019.420888,false
26163817,Uniswap -> SushiSwap,11907.831325,4.728314874246259808,10903.393838,-1004.437487,0.057564,-1004.495051,false
26163817,SushiSwap -> Uniswap,11987.951807,4.386402766285502561,10955.865891,-1032.085916,0.057564,-1032.143480,false
26163817,Uniswap -> SushiSwap,11987.951807,4.760091317828320851,10970.896696,-1017.055111,0.057564,-1017.112675,false
26163817,SushiSwap -> Uniswap,12068.072289,4.413387378668567897,11023.191712,-1044.880577,0.057564,-1044.938141,false
26163817,Uniswap -> SushiSwap,12068.072289,4.791867260980909001,11038.327526,-1029.744763,0.057564,-1029.802327,false
26163817,SushiSwap -> Uniswap,12148.192771,4.440343509761974687,11090.445578,-1057.747193,0.057564,-1057.804757,false
26163817,Uniswap -> SushiSwap,12148.192771,4.823642703715845641,11105.686443,-1042.506328,0.057564,-1042.563892,false
26163817,SushiSwap -> Uniswap,12228.313253,4.467271204633407461,11157.627606,-1070.685647,0.057564,-1070.743211,false
26163817,Uniswap -> SushiSwap,12228.313253,4.855417646044951783,11172.973564,-1055.339689,0.057564,-1055.397253,false
26163817,SushiSwap -> Uniswap,12308.433735,4.494170508255516407,11224.737909,-1083.695826,0.057564,-1083.753390,false
26163817,Uniswap -> SushiSwap,12308.433735,4.887192087980048066,11240.189002,-1068.244733,0.057564,-1068.302297,false
26163817,SushiSwap -> Uniswap,12388.554217,4.521041465506167740,11291.776604,-1096.777613,0.057564,-1096.835177,false
26163817,Uniswap -> SushiSwap,12388.554217,4.918966029532954756,11307.332871,-1081.221346,0.057564,-1081.278910,false
26163817,SushiSwap -> Uniswap,12468.674699,4.547884121168693276,11358.743804,-1109.930895,0.057564,-1109.988459,false
26163817,Uniswap -> SushiSwap,12468.674699,4.950739470715491748,11374.405287,-1094.269412,0.057564,-1094.326976,false
26163817,SushiSwap -> Uniswap,12548.795181,4.574698519932139222,11425.639623,-1123.155558,0.057564,-1123.213122,false
26163817,Uniswap -> SushiSwap,12548.795181,4.982512411539478563,11441.406364,-1107.388817,0.057564,-1107.446381,false
26163817,SushiSwap -> Uniswap,12628.915663,4.601484706391514174,11492.464177,-1136.451486,0.057564,-1136.509050,false
26163817,Uniswap -> SushiSwap,12628.915663,5.014284852016734352,11508.336214,-1120.579449,0.057564,-1120.637013,false
26163817,SushiSwap -> Uniswap,12709.036145,4.628242725048036345,11559.217578,-1149.818567,0.057564,-1149.876131,false
26163817,Uniswap -> SushiSwap,12709.036145,5.046056792159077892,11575.194951,-1133.841194,0.057564,-1133.898758,false
26163817,SushiSwap -> Uniswap,12789.156627,4.654972620309379995,11625.899940,-1163.256687,0.057564,-1163.314251,false
26163817,Uniswap -> SushiSwap,12789.156627,5.077828231978327589,11641.982690,-1147.173937,0.057564,-1147.231501,false
26163817,SushiSwap -> Uniswap,12869.277108,4.681674436156825361,11692.511376,-1176.765732,0.057564,-1176.823296,false
26163817,Uniswap -> SushiSwap,12869.277108,5.109599171089765052,11708.699541,-1160.577567,0.057564,-1160.635131,false
26163817,SushiSwap -> Uniswap,12949.397590,4.708348217478236148,11759.052001,-1190.345589,0.057564,-1190.403153,false
26163817,Uniswap -> SushiSwap,12949.397590,5.141369610298287033,11775.345619,-1174.051971,0.057564,-1174.109535,false
26163817,SushiSwap -> Uniswap,13029.518072,4.734994008068679739,11825.521926,-1203.996146,0.057564,-1204.053710,false
26163817,Uniswap -> SushiSwap,13029.518072,5.173139549219168153,11841.921037,-1187.597035,0.057564,-1187.654599,false
26163817,SushiSwap -> Uniswap,13109.638554,4.761611851964103525,11891.921264,-1217.717290,0.057564,-1217.774854,false
26163817,Uniswap -> SushiSwap,13109.638554,5.204908987864225328,11908.425906,-1201.212648,0.057564,-1201.270212,false
26163817,SushiSwap -> Uniswap,13189.759036,4.788201793108131556,11958.250128,-1231.508908,0.057564,-1231.566472,false
26163817,Uniswap -> SushiSwap,13189.759036,5.236677926245275104,11974.860339,-1214.898697,0.057564,-1214.956261,false
26163817,SushiSwap -> Uniswap,13269.879518,4.814763875352306372,12024.508630,-1245.370888,0.057564,-1245.428452,false
26163817,Uniswap -> SushiSwap,13269.879518,5.268446364374133652,12041.224447,-1228.655071,0.057564,-1228.712635,false
26163817,SushiSwap -> Uniswap,13350.000000,4.841298142456330057,12090.696881,-1259.303119,0.057564,-1259.360683,false
26163817,Uniswap -> SushiSwap,13350.000000,5.300214302262616773,12107.518342,-1242.481658,0.057564,-1242.539222,false
26163817,SushiSwap -> Uniswap,13430.120482,4.867804638088304556,12156.814993,-1273.305489,0.057564,-1273.363053,false
26163817,Uniswap -> SushiSwap,13430.120482,5.331981739922539894,12173.742136,-1256.378346,0.057564,-1256.435910,false
26163817,SushiSwap -> Uniswap,13510.240964,4.894283405824971219,12222.863078,-1287.377886,0.057564,-1287.435450,false
26163817,Uniswap -> SushiSwap,13510.240964,5.363748677365718071,12239.895938,-1270.345026,0.057564,-1270.402590,false
26163817,SushiSwap -> Uniswap,13590.361446,4.920734489151949607,12288.841247,-1301.520199,0.057564,-1301.577763,false
26163817,Uniswap -> SushiSwap,13590.361446,5.395515114603965989,12305.979862,-1284.381584,0.057564,-1284.439148,false
26163817,SushiSwap -> Uniswap,13670.481928,4.947157931463975545,12354.749610,-1315.732318,0.057564,-1315.789882,false
26163817,Uniswap -> SushiSwap,13670.481928,5.427281051649097959,12371.994016,-1298.487912,0.057564,-1298.545476,false
26163817,SushiSwap -> Uniswap,13750.602410,4.973553776065138423,12420.588279,-1330.014131,0.057564,-1330.071695,false
26163817,Uniswap -> SushiSwap,13750.602410,5.459046488512927921,12437.938511,-1312.663899,0.057564,-1312.721463,false
26163817,SushiSwap -> Uniswap,13830.722892,4.999922066169117768,12486.357364,-1344.365528,0.057564,-1344.423092,false
26163817,Uniswap -> SushiSwap,13830.722892,5.490811425207269442,12503.813459,-1326.909433,0.057564,-1326.966997,false
26163817,SushiSwap -> Uniswap,13910.843373,5.026262844570825959,12552.056975,-1358.786398,0.057564,-1358.843962,false
26163817,Uniswap -> SushiSwap,13910.843373,5.522575861347480459,12569.618967,-1341.224406,0.057564,-1341.281970,false
26163817,SushiSwap -> Uniswap,13990.963855,5.052576154961358284,12617.687223,-1373.276632,0.057564,-1373.334196,false
26163817,Uniswap -> SushiSwap,13990.963855,5.554339797738290557,12635.355147,-1355.608708,0.057564,-1355.666272,false
26163817,SushiSwap -> Uniswap,14071.084337,5.078862039955640450,12683.248216,-1387.836121,0.057564,-1387.893685,false
26163817,Uniswap -> SushiSwap,14071.084337,5.586103233995050685,12701.022108,-1370.062229,0.057564,-1370.119793,false
26163817,SushiSwap -> Uniswap,14151.204819,5.105120542408063378,12748.740066,-1402.464753,0.057564,-1402.522317,false
26163817,Uniswap -> SushiSwap,14151.204819,5.617866170129572924,12766.619960,-1384.584859,0.057564,-1384.642423,false
26163817,SushiSwap -> Uniswap,14231.325301,5.131351705083779884,12814.162880,-1417.162421,0.057564,-1417.219985,false
26163817,Uniswap -> SushiSwap,14231.325301,5.649628606153668980,12832.148810,-1399.176491,0.057564,-1399.234055,false
26163817,SushiSwap -> Uniswap,14311.445783,5.157555570658936845,12879.516768,-1431.929015,0.057564,-1431.986579,false
26163817,Uniswap -> SushiSwap,14311.445783,5.681390542079150190,12897.608769,-1413.837014,0.057564,-1413.894578,false
26163817,SushiSwap -> Uniswap,14391.566265,5.183732181720906628,12944.801840,-1446.764425,0.057564,-1446.821989,false
26163817,Uniswap -> SushiSwap,14391.566265,5.713151977917827517,12962.999944,-1428.566321,0.057564,-1428.623885,false
26163817,SushiSwap -> Uniswap,14471.686747,5.209881580768517813,13010.018203,-1461.668544,0.057564,-1461.726108,false
26163817,Uniswap -> SushiSwap,14471.686747,5.744912913681511554,13028.322444,-1443.364303,0.057564,-1443.421867,false
26163817,SushiSwap -> Uniswap,14551.807229,5.236003810212285181,13075.165966,-1476.641263,0.057564,-1476.698827,false
26163817,Uniswap -> SushiSwap,14551.807229,5.776673349382012520,13093.576377,-1458.230852,0.057564,-1458.288416,false
26163817,SushiSwap -> Uniswap,14631.927711,5.262098912374639000,13140.245237,-1491.682474,0.057564,-1491.740038,false
26163817,Uniswap -> SushiSwap,14631.927711,5.808433285031140263,13158.761850,-1473.165861,0.057564,-1473.223425,false
26163817,SushiSwap -> Uniswap,14712.048193,5.288166929490153586,13205.256124,-1506.792069,0.057564,-1506.849633,false
26163817,Uniswap -> SushiSwap,14712.048193,5.840192720640704261,13223.878973,-1488.169220,0.057564,-1488.226784,false
26163817,SushiSwap -> Uniswap,14792.168675,5.314207903705775157,13270.198735,-1521.969940,0.057564,-1522.027504,false
26163817,Uniswap -> SushiSwap,14792.168675,5.871951656222513616,13288.927852,-1503.240823,0.057564,-1503.298387,false
26163817,SushiSwap -> Uniswap,14872.289157,5.340221877081048982,13335.073177,-1537.215980,0.057564,-1537.273544,false
26163817,Uniswap -> SushiSwap,14872.289157,5.903710091788377063,13353.908594,-1518.380563,0.057564,-1518.438127,false
26163817,SushiSwap -> Uniswap,14952.409639,5.366208891588345815,13399.879558,-1552.530081,0.057564,-1552.587645,false
26163817,Uniswap -> SushiSwap,14952.409639,5.935468027350102960,13418.821306,-1533.588333,0.057564,-1533.645897,false
26163817,SushiSwap -> Uniswap,15032.530120,5.392168988789242189,13464.617984,-1567.912136,0.057564,-1567.969700,false
26163817,Uniswap -> SushiSwap,15032.530120,5.967225462523131419,13483.666095,-1548.864025,0.057564,-1548.921589,false
26163817,SushiSwap -> Uniswap,15112.650602,5.418102211130462399,13529.288564,-1583.362038,0.057564,-1583.419602,false
26163817,Uniswap -> SushiSwap,15112.650602,5.998982398112012055,13548.443068,-1564.207534,0.057564,-1564.265098,false
26163817,SushiSwap -> Uniswap,15192.771084,5.444008600000024133,13593.891402,-1598.879682,0.057564,-1598.937246,false
26163817,Uniswap -> SushiSwap,15192.771084,6.030738833732177993,13613.152331,-1579.618753,0.057564,-1579.676317,false
26163817,SushiSwap -> Uniswap,15272.891566,5.469888197023850451,13658.426606,-1614.464960,0.057564,-1614.522524,false
26163817,Uniswap -> SushiSwap,15272.891566,6.062494769395436107,13677.793990,-1595.097576,0.057564,-1595.155140,false
26163817,SushiSwap -> Uniswap,15353.012048,5.495741043741811590,13722.894281,-1630.117767,0.057564,-1630.175331,false
26163817,Uniswap -> SushiSwap,15353.012048,6.094250205113592900,13742.368151,-1610.643897,0.057564,-1610.701461,false
26163817,SushiSwap -> Uniswap,15433.132530,5.521567181607947221,13787.294534,-1645.837996,0.057564,-1645.895560,false
26163817,Uniswap -> SushiSwap,15433.132530,6.126005140898454500,13806.874919,-1626.257611,0.057564,-1626.315175,false
26163817,SushiSwap -> Uniswap,15513.253012,5.547366651990688017,13851.627470,-1661.625542,0.057564,-1661.683106,false
26163817,Uniswap -> SushiSwap,15513.253012,6.157759576761826666,13871.314401,-1641.938611,0.057564,-1641.996175,false
26163817,SushiSwap -> Uniswap,15593.373494,5.573139496173076530,13915.893196,-1677.480298,0.057564,-1677.537862,false
26163817,Uniswap -> SushiSwap,15593.373494,6.189513512715514785,13935.686701,-1657.686793,0.057564,-1657.744357,false
26163817,SushiSwap -> Uniswap,15673.493976,5.598885755352987389,13980.091815,-1693.402161,0.057564,-1693.459725,false
26163817,Uniswap -> SushiSwap,15673.493976,6.221266948771323872,13999.991925,-1673.502051,0.057564,-1673.559615,false
26163817,SushiSwap -> Uniswap,15753.614458,5.624605470643346822,14044.223433,-1709.391025,0.057564,-1709.448589,false
26163817,Uniswap -> SushiSwap,15753.614458,6.253019884941058569,14064.230176,-1689.384282,0.057564,-1689.441846,false
26163817,SushiSwap -> Uniswap,15833.734940,5.650298683072351483,14108.288155,-1725.446785,0.057564,-1725.504349,false
26163817,Uniswap -> SushiSwap,15833.734940,6.284772321236523149,14128.401560,-1705.333380,0.057564,-1705.390944,false
26163817,SushiSwap -> Uniswap,15913.855422,5.675965433583686625,14172.286086,-1741.569336,0.057564,-1741.626900,false
26163817,Uniswap -> SushiSwap,15913.855422,6.316524257669521511,14192.506181,-1721.349241,0.057564,-1721.406805,false
26163817,SushiSwap -> Uniswap,15993.975904,5.701605763036743578,14236.217330,-1757.758574,0.057564,-1757.816138,false
26163817,Uniswap -> SushiSwap,15993.975904,6.348275694251857183,14256.544144,-1737.431760,0.057564,-1737.489324,false
26163817,SushiSwap -> Uniswap,16074.096386,5.727219712206836571,14300.081991,-1774.014395,0.057564,-1774.071959,false
26163817,Uniswap -> SushiSwap,16074.096386,6.380026630995333322,14320.515551,-1753.580835,0.057564,-1753.638399,false
26163817,SushiSwap -> Uniswap,16154.216867,5.752807321466218935,14363.880172,-1790.336695,0.057564,-1790.394259,false
26163817,Uniswap -> SushiSwap,16154.216867,6.411777067515472184,14384.420506,-1769.796361,0.057564,-1769.853925,false
26163817,SushiSwap -> Uniswap,16234.337349,5.778368632061426345,14427.611978,-1806.725371,0.057564,-1806.782935,false
26163817,Uniswap -> SushiSwap,16234.337349,6.443527004616643479,14448.259115,-1786.078234,0.057564,-1786.135798,false
26163817,SushiSwap -> Uniswap,16314.457831,5.803903684197307507,14491.277514,-1823.180317,0.057564,-1823.237881,false
26163817,Uniswap -> SushiSwap,16314.457831,6.475276441914362480,14512.031479,-1802.426352,0.057564,-1802.483916,false
26163817,SushiSwap -> Uniswap,16394.578313,5.829412518315023061,14554.876881,-1839.701432,0.057564,-1839.758996,false
26163817,Uniswap -> SushiSwap,16394.578313,6.507025379420430859,14575.737701,-1818.840612,0.057564,-1818.898176,false
26163817,SushiSwap -> Uniswap,16474.698795,5.854895174772730644,14618.410182,-1856.288613,0.057564,-1856.346177,false
26163817,Uniswap -> SushiSwap,16474.698795,6.538773817146649913,14639.377885,-1835.320910,0.057564,-1835.378474,false
26163817,SushiSwap -> Uniswap,16554.819277,5.880351693845797725,14681.877522,-1872.941755,0.057564,-1872.999319,false
26163817,Uniswap -> SushiSwap,16554.819277,6.570521755104820571,14702.952133,-1851.867144,0.057564,-1851.924708,false
26163817,SushiSwap -> Uniswap,16634.939759,5.905782115727013791,14745.279001,-1889.660758,0.057564,-1889.718322,false
26163817,Uniswap -> SushiSwap,16634.939759,6.602269193306743387,14766.460548,-1868.479211,0.057564,-1868.536775,false
26163817,SushiSwap -> Uniswap,16715.060241,5.931186480526801878,14808.614724,-1906.445517,0.057564,-1906.503081,false
26163817,Uniswap -> SushiSwap,16715.060241,6.634016131764218545,14829.903231,-1885.157010,0.057564,-1885.214574,false
26163817,SushiSwap -> Uniswap,16795.180723,5.956564828273429455,14871.884791,-1923.295932,0.057564,-1923.353496,false
26163817,Uniswap -> SushiSwap,16795.180723,6.665762570489045859,14893.280285,-1901.900438,0.057564,-1901.958002,false
26163817,SushiSwap -> Uniswap,16875.301205,5.981917198913218658,14935.089306,-1940.211899,0.057564,-1940.269463,false
26163817,Uniswap -> SushiSwap,16875.301205,6.697508509493024769,14956.591811,-1918.709394,0.057564,-1918.766958,false
26163817,SushiSwap -> Uniswap,16955.421687,6.007243632310755878,14998.228369,-1957.193318,0.057564,-1957.250882,false
26163817,Uniswap -> SushiSwap,16955.421687,6.729253948787954345,15019.837911,-1935.583776,0.057564,-1935.641340,false
26163817,SushiSwap -> Uniswap,17035.542169,6.032544168249100710,15061.302084,-1974.240085,0.057564,-1974.297649,false
26163817,Uniswap -> SushiSwap,17035.542169,6.760998888385633285,15083.018687,-1952.523482,0.057564,-1952.581046,false
26163817,SushiSwap -> Uniswap,17115.662651,6.057818846429994258,15124.310550,-1991.352101,0.057564,-1991.409665,false
26163817,Uniswap -> SushiSwap,17115.662651,6.792743328297859917,15146.134240,-1969.528411,0.057564,-1969.585975,false
26163817,SushiSwap -> Uniswap,17195.783133,6.083067706474066802,15187.253869,-2008.529264,0.057564,-2008.586828,false
26163817,Uniswap -> SushiSwap,17195.783133,6.824487268536432194,15209.184669,-1986.598464,0.057564,-1986.656028,false
26163817,SushiSwap -> Uniswap,17275.903614,6.108290787606391138,15250.132141,-2025.771473,0.057564,-2025.829037,false
26163817,Uniswap -> SushiSwap,17275.903614,6.856230708716954494,15272.170077,-2003.733537,0.057564,-2003.791101,false
26163817,SushiSwap -> Uniswap,17356.024096,6.133488129915624749,15312.945469,-2043.078627,0.057564,-2043.136191,false
26163817,Uniswap -> SushiSwap,17356.024096,6.887973649643616680,15335.090564,-2020.933532,0.057564,-2020.991096,false
26163817,SushiSwap -> Uniswap,17436.144578,6.158659772465329908,15375.693953,-2060.450625,0.057564,-2060.508189,false
26163817,Uniswap -> SushiSwap,17436.144578,6.919716090932016150,15397.946230,-2038.198348,0.057564,-2038.255912,false
26163817,SushiSwap -> Uniswap,17516.265060,6.183805754553757589,15438.377692,-2077.887368,0.057564,-2077.944932,false
26163817,Uniswap -> SushiSwap,17516.265060,6.951458032593949374,15460.737175,-2055.527885,0.057564,-2055.585449,false
26163817,SushiSwap -> Uniswap,17596.385542,6.208926115399076783,15500.996788,-2095.388754,0.057564,-2095.446318,false
26163817,Uniswap -> SushiSwap,17596.385542,6.983199474641212449,15523.463499,-2072.922043,0.057564,-2072.979607,false
26163817,SushiSwap -> Uniswap,17676.506024,6.234020894139578385,15563.551339,-2112.954685,0.057564,-2113.012249,false
26163817,Uniswap -> SushiSwap,17676.506024,7.014940417085601103,15586.125302,-2090.380722,0.057564,-2090.438286,false
26163817,SushiSwap -> Uniswap,17756.626506,6.259090129833878455,15626.041446,-2130.585060,0.057564,-2130.642624,false
26163817,Uniswap -> SushiSwap,17756.626506,7.046680859938910692,15648.722684,-2107.903822,0.057564,-2107.961386,false
26163817,SushiSwap -> Uniswap,17836.746988,6.284133861461120859,15688.467208,-2148.279780,0.057564,-2148.337344,false
26163817,Uniswap -> SushiSwap,17836.746988,7.078420803212936200,15711.255743,-2125.491245,0.057564,-2125.548809,false
26163817,SushiSwap -> Uniswap,17916.867470,6.309152127921179297,15750.828725,-2166.038745,0.057564,-2166.096309,false
26163817,Uniswap -> SushiSwap,17916.867470,7.110160246919472241,15773.724579,-2143.142891,0.057564,-2143.200455,false
26163817,SushiSwap -> Uniswap,17996.987952,6.334144968034858706,15813.126095,-2183.861857,0.057564,-2183.919421,false
26163817,Uniswap -> SushiSwap,17996.987952,7.141899191070313056,15836.129290,-2160.858662,0.057564,-2160.916226,false
26163817,SushiSwap -> Uniswap,18077.108434,6.359112420544096058,15875.359418,-2201.749016,0.057564,-2201.806580,false
26163817,Uniswap -> SushiSwap,18077.108434,7.173637635677252516,15898.469976,-2178.638458,0.057564,-2178.696022,false
26163817,SushiSwap -> Uniswap,18157.228916,6.384054524112160539,15937.528792,-2219.700124,0.057564,-2219.757688,false
26163817,Uniswap -> SushiSwap,18157.228916,7.205375580752084120,15960.746735,-2196.482181,0.057564,-2196.539745,false
26163817,SushiSwap -> Uniswap,18237.349398,6.408971317323853126,15999.634316,-2237.715082,0.057564,-2237.772646,false
26163817,Uniswap -> SushiSwap,18237.349398,7.237113026306600996,16022.959664,-2214.389734,0.057564,-2214.447298,false
26163817,SushiSwap -> Uniswap,18317.469880,6.433862838685705551,16061.676089,-2255.793791,0.057564,-2255.851355,false
26163817,Uniswap -> SushiSwap,18317.469880,7.268849972352595902,16085.108863,-2232.361017,0.057564,-2232.418581,false
26163817,SushiSwap -> Uniswap,18397.590361,6.458729126315974785,16123.654206,-2273.936155,0.057564,-2273.993719,false
26163817,Uniswap -> SushiSwap,18397.590361,7.300586418505755309,16147.194428,-2250.395933,0.057564,-2250.453497,false
26163817,SushiSwap -> Uniswap,18477.710843,6.483570219185970524,16185.568769,-2292.142074,0.057564,-2292.199638,false
26163817,Uniswap -> SushiSwap,18477.710843,7.332322365570089294,16209.216458,-2268.494385,0.057564,-2268.551949,false
26163817,SushiSwap -> Uniswap,18557.831325,6.508386155258085943,16247.419873,-2310.411452,0.057564,-2310.469016,false
26163817,Uniswap -> SushiSwap,18557.831325,7.364057813161277351,16271.175051,-2286.656274,0.057564,-2286.713838,false
26163817,SushiSwap -> Uniswap,18637.951807,6.533176972727753382,16309.207617,-2328.744190,0.057564,-2328.801754,false
26163817,Uniswap -> SushiSwap,18637.951807,7.395792761291110754,16333.070303,-2304.881504,0.057564,-2304.939068,false
26163817,SushiSwap -> Uniswap,18718.072289,6.557942709713121734,16370.932097,-2347.140192,0.057564,-2347.197756,false
26163817,Uniswap -> SushiSwap,18718.072289,7.427527209971380403,16394.902312,-2323.169977,0.057564,-2323.227541,false
26163817,SushiSwap -> Uniswap,18798.192771,6.582683404255251809,16432.593411,-2365.599360,0.057564,-2365.656924,false
26163817,Uniswap -> SushiSwap,18798.192771,7.459261159213876828,16456.671174,-2341.521597,0.057564,-2341.579161,false
26163817,SushiSwap -> Uniswap,18878.313253,6.607399094318311111,16494.191656,-2384.121597,0.057564,-2384.179161,false
26163817,Uniswap -> SushiSwap,18878.313253,7.490994609030390188,16518.376986,-2359.936267,0.057564,-2359.993831,false
26163817,SushiSwap -> Uniswap,18958.433735,6.632089817789768020,16555.726929,-2402.706806,0.057564,-2402.764370,false
26163817,Uniswap -> SushiSwap,18958.433735,7.522727559432710271,16580.019844,-2378.413891,0.057564,-2378.471455,false
26163817,SushiSwap -> Uniswap,19038.554217,6.656755612480585392,16617.199325,-2421.354892,0.057564,-2421.412456,false
26163817,Uniswap -> SushiSwap,19038.554217,7.554460010432626493,16641.599846,-2396.954371,0.057564,-2397.011935,false
26163817,SushiSwap -> Uniswap,19118.674699,6.681396516125413569,16678.608942,-2440.065757,0.057564,-2440.123321,false
26163817,Uniswap -> SushiSwap,19118.674699,7.586191962041927899,16703.117086,-2415.557613,0.057564,-2415.615177,false
26163817,SushiSwap -> Uniswap,19198.795181,6.706012566382782801,16739.955874,-2458.839307,0.057564,-2458.896871,false
26163817,Uniswap -> SushiSwap,19198.795181,7.617923414272403165,16764.571662,-2434.223519,0.057564,-2434.281083,false
26163817,SushiSwap -> Uniswap,19278.915663,6.730603800835295096,16801.240220,-2477.675443,0.057564,-2477.733007,false
26163817,Uniswap -> SushiSwap,19278.915663,7.649654367135840593,16825.963668,-2452.951995,0.057564,-2453.009559,false
26163817,SushiSwap -> Uniswap,19359.036145,6.755170256989815483,16862.462073,-2496.574072,0.057564,-2496.631636,false
26163817,Uniswap -> SushiSwap,19359.036145,7.681384820644028117,16887.293200,-2471.742945,0.057564,-2471.800509,false
26163817,SushiSwap -> Uniswap,19439.156627,6.779711972277662697,16923.621530,-2515.535097,0.057564,-2515.592661,false
26163817,Uniswap -> SushiSwap,19439.156627,7.713114774808753297,16948.560353,-2490.596274,0.057564,-2490.653838,false
26163817,SushiSwap -> Uniswap,19519.277108,6.804228983748951498,16984.718685,-2534.558423,0.057564,-2534.615987,false
26163817,Uniswap -> SushiSwap,19519.277108,7.744844229245784674,17009.765222,-2509.511886,0.057564,-2509.569450,false
26163817,SushiSwap -> Uniswap,19599.397590,6.828721329296481010,17045.753635,-2553.643955,0.057564,-2553.701519,false
26163817,Uniswap -> SushiSwap,19599.397590,7.776573184758952599,17070.907904,-2528.489686,0.057564,-2528.547250,false
26163817,SushiSwap -> Uniswap,19679.518072,6.853189045819913573,17106.726473,-2572.791599,0.057564,-2572.849163,false
26163817,Uniswap -> SushiSwap,19679.518072,7.808301640964018640,17131.988491,-2547.529581,0.057564,-2547.587145,false
26163817,SushiSwap -> Uniswap,19759.638554,6.877632170450278132,17167.637296,-2592.001258,0.057564,-2592.058822,false
26163817,Uniswap -> SushiSwap,19759.638554,7.840029597872768872,17193.007079,-2566.631475,0.057564,-2566.689039,false
26163817,SushiSwap -> Uniswap,19839.759036,6.902050740244002174,17228.486197,-2611.272839,0.057564,-2611.330403,false
26163817,Uniswap -> SushiSwap,19839.759036,7.871757055496989003,17253.963763,-2585.795273,0.057564,-2585.852837,false
26163817,SushiSwap -> Uniswap,19919.879518,6.926444792183098995,17289.273271,-2630.606247,0.057564,-2630.663811,false
26163817,Uniswap -> SushiSwap,19919.879518,7.903484013848464368,17314.858635,-2605.020883,0.057564,-2605.078447,false
26163817,SushiSwap -> Uniswap,20000.000000,6.950814363175354390,17349.998611,-2650.001389,0.057564,-2650.058953,false
26163817,Uniswap -> SushiSwap,20000.000000,7.935210472938979933,17375.691791,-2624.308209,0.057564,-2624.365773,false
