block,source_dex,destination_dex,start_usdc,intermediate_weth,final_usdc,gross_profit_usdc,estimated_gas_usdc,estimated_net_profit_usdc,passes_threshold
26163937,UniswapV2,SushiSwapV2,50.000000,0.019875108268647842,49.706061,-0.293939,0.051232,-0.345171,false
26163937,SushiSwapV2,UniswapV2,50.000000,0.019858661770770361,49.658835,-0.341165,0.051232,-0.392397,false
26163937,UniswapV2,SushiSwapV2,130.120482,0.051722765615380540,129.280568,-0.839914,0.051232,-0.891146,false
26163937,SushiSwapV2,UniswapV2,130.120482,0.051650754536983206,129.157555,-0.962927,0.051232,-1.014159,false
26163937,UniswapV2,SushiSwapV2,210.240964,0.083569920849481452,208.762897,-1.478067,0.051232,-1.529299,false
26163937,SushiSwapV2,UniswapV2,210.240964,0.083406427745162889,208.563959,-1.677005,0.051232,-1.728237,false
26163937,UniswapV2,SushiSwapV2,290.361446,0.115416573982825003,288.153208,-2.208238,0.051232,-2.259470,false
26163937,SushiSwapV2,UniswapV2,290.361446,0.115125743940338905,287.878209,-2.483237,0.051232,-2.534469,false
26163937,UniswapV2,SushiSwapV2,370.481928,0.147262725027285246,367.451662,-3.030266,0.051232,-3.081498,false
26163937,SushiSwapV2,UniswapV2,370.481928,0.146808765524407305,367.100464,-3.381464,0.051232,-3.432696,false
26163937,UniswapV2,SushiSwapV2,450.602410,0.179108373994735857,446.658417,-3.943993,0.051232,-3.995225,false
26163937,SushiSwapV2,UniswapV2,450.602410,0.178455554756539907,446.230885,-4.371525,0.051232,-4.422757,false
26163937,UniswapV2,SushiSwapV2,530.722892,0.210953520897050141,525.773632,-4.949260,0.051232,-5.000492,false
26163937,SushiSwapV2,UniswapV2,530.722892,0.210066173753592110,525.269631,-5.453261,0.051232,-5.504493,false
26163937,UniswapV2,SushiSwapV2,610.843373,0.242798165348644681,604.797465,-6.045908,0.051232,-6.097140,false
26163937,SushiSwapV2,UniswapV2,610.843373,0.241640684096646508,604.216861,-6.626512,0.051232,-6.677744,false
26163937,UniswapV2,SushiSwapV2,690.963855,0.274642308156310987,683.730076,-7.233779,0.051232,-7.285011,false
26163937,SushiSwapV2,UniswapV2,690.963855,0.273179148407318621,683.072735,-7.891120,0.051232,-7.942352,false
26163937,UniswapV2,SushiSwapV2,771.084337,0.306485948934458627,762.571623,-8.512714,0.051232,-8.563946,false
26163937,SushiSwapV2,UniswapV2,771.084337,0.304681627983634423,761.837411,-9.246926,0.051232,-9.298158,false
26163937,UniswapV2,SushiSwapV2,851.204819,0.338329087694959408,841.322262,-9.882557,0.051232,-9.933789,false
26163937,SushiSwapV2,UniswapV2,851.204819,0.336148184377233880,840.511046,-10.693773,0.051232,-10.745005,false
26163937,UniswapV2,SushiSwapV2,931.325301,0.370171724449684762,919.982150,-11.343151,0.051232,-11.394383,false
26163937,SushiSwapV2,UniswapV2,931.325301,0.367578878999458744,919.093799,-12.231502,0.051232,-12.282734,false
26163937,UniswapV2,SushiSwapV2,1011.445783,0.402013859210505745,998.551445,-12.894338,0.051232,-12.945570,false
26163937,SushiSwapV2,UniswapV2,1011.445783,0.398973773121752062,997.585828,-13.859955,0.051232,-13.911187,false
26163937,UniswapV2,SushiSwapV2,1091.566265,0.433855491989293039,1077.030303,-14.535962,0.051232,-14.587194,false
26163937,SushiSwapV2,UniswapV2,1091.566265,0.430332927876056320,1075.987288,-15.578977,0.051232,-15.630209,false
26163937,UniswapV2,SushiSwapV2,1171.686747,0.465696622797916955,1155.418879,-16.267868,0.051232,-16.319100,false
26163937,SushiSwapV2,UniswapV2,1171.686747,0.461656404255210231,1154.298337,-17.388410,0.051232,-17.439642,false
26163937,UniswapV2,SushiSwapV2,1251.807229,0.497537251648247425,1233.717331,-18.089898,0.051232,-18.141130,false
26163937,SushiSwapV2,UniswapV2,1251.807229,0.492944263113344170,1232.519132,-19.288097,0.051232,-19.339329,false
26163937,UniswapV2,SushiSwapV2,1331.927711,0.529377378552154010,1311.925812,-20.001899,0.051232,-20.053131,false
26163937,SushiSwapV2,UniswapV2,1331.927711,0.524196565166274253,1310.649827,-21.277884,0.051232,-21.329116,false
26163937,UniswapV2,SushiSwapV2,1412.048193,0.561217003521505896,1390.044478,-22.003715,0.051232,-22.054947,false
26163937,SushiSwapV2,UniswapV2,1412.048193,0.555413370991895083,1388.690578,-23.357615,0.051232,-23.408847,false
26163937,UniswapV2,SushiSwapV2,1492.168675,0.593056126568171894,1468.073484,-24.095191,0.051232,-24.146423,false
26163937,SushiSwapV2,UniswapV2,1492.168675,0.586594741030571153,1466.641542,-25.527133,0.051232,-25.578365,false
26163937,UniswapV2,SushiSwapV2,1572.289157,0.624894747704020442,1546.012983,-26.276174,0.051232,-26.327406,false
26163937,SushiSwapV2,UniswapV2,1572.289157,0.617740735585526918,1544.502872,-27.786285,0.051232,-27.837517,false
26163937,UniswapV2,SushiSwapV2,1652.409639,0.656732866940919603,1623.863131,-28.546508,0.051232,-28.597740,false
26163937,SushiSwapV2,UniswapV2,1652.409639,0.648851414823235542,1622.274723,-30.134916,0.051232,-30.186148,false
26163937,UniswapV2,SushiSwapV2,1732.530120,0.688570483893368433,1701.624078,-30.906042,0.051232,-30.957274,false
26163937,SushiSwapV2,UniswapV2,1732.530120,0.679926838386167410,1699.957249,-32.572871,0.051232,-32.624103,false
26163937,UniswapV2,SushiSwapV2,1812.650602,0.720407599367977776,1779.295982,-33.354620,0.051232,-33.405852,false
26163937,SushiSwapV2,UniswapV2,1812.650602,0.710967066944170781,1777.550605,-35.099997,0.051232,-35.151229,false
26163937,UniswapV2,SushiSwapV2,1892.771084,0.752244212979239677,1856.878992,-35.892092,0.051232,-35.943324,false
26163937,SushiSwapV2,UniswapV2,1892.771084,0.741972159867705663,1855.054943,-37.716141,0.051232,-37.767373,false
26163937,UniswapV2,SushiSwapV2,1972.891566,0.784080324739020701,1934.373263,-38.518303,0.051232,-38.569535,false
26163937,SushiSwapV2,UniswapV2,1972.891566,0.772942176780101149,1932.470417,-40.421149,0.051232,-40.472381,false
26163937,UniswapV2,SushiSwapV2,2053.012048,0.815915934659187043,2011.778945,-41.233103,0.051232,-41.284335,false
26163937,SushiSwapV2,UniswapV2,2053.012048,0.803877177169859051,2009.797179,-43.214869,0.051232,-43.266101,false
26163937,UniswapV2,SushiSwapV2,2133.132530,0.847751042751604519,2089.096192,-44.036338,0.051232,-44.087570,false
26163937,SushiSwapV2,UniswapV2,2133.132530,0.834777220391034787,2087.035382,-46.097148,0.051232,-46.148380,false
26163937,UniswapV2,SushiSwapV2,2213.253012,0.879585649028138574,2166.325153,-46.927859,0.051232,-46.979091,false
26163937,SushiSwapV2,UniswapV2,2213.253012,0.865642365663616986,2164.185178,-49.067834,0.051232,-49.119066,false
26163937,UniswapV2,SushiSwapV2,2293.373494,0.911419753500654279,2243.465982,-49.907512,0.051232,-49.958744,false
26163937,SushiSwapV2,UniswapV2,2293.373494,0.896472672073905810,2241.246719,-52.126775,0.051232,-52.178007,false
26163937,UniswapV2,SushiSwapV2,2373.493976,0.943253356181016330,2320.518827,-52.975149,0.051232,-53.026381,false
26163937,SushiSwapV2,UniswapV2,2373.493976,0.927268198574889985,2318.220155,-55.273821,0.051232,-55.325053,false
26163937,UniswapV2,SushiSwapV2,2453.614458,0.975086457081089048,2397.483840,-56.130618,0.051232,-56.181850,false
26163937,SushiSwapV2,UniswapV2,2453.614458,0.958029003986622567,2395.105638,-58.508820,0.051232,-58.560052,false
26163937,UniswapV2,SushiSwapV2,2533.734940,1.006919056212736383,2474.361172,-59.373768,0.051232,-59.425000,false
26163937,SushiSwapV2,UniswapV2,2533.734940,0.988755146996595435,2471.903319,-61.831621,0.051232,-61.882853,false
26163937,UniswapV2,SushiSwapV2,2613.855422,1.038751153587821907,2551.150970,-62.704452,0.051232,-62.755684,false
26163937,SushiSwapV2,UniswapV2,2613.855422,1.019446686160112515,2548.613348,-65.242074,0.051232,-65.293306,false
26163937,UniswapV2,SushiSwapV2,2693.975904,1.070582749218208822,2627.853386,-66.122518,0.051232,-66.173750,false
26163937,SushiSwapV2,UniswapV2,2693.975904,1.050103679900661747,2625.235875,-68.740029,0.051232,-68.791261,false
26163937,UniswapV2,SushiSwapV2,2774.096386,1.102413843115759954,2704.468567,-69.627819,0.051232,-69.679051,false
26163937,SushiSwapV2,UniswapV2,2774.096386,1.080726186510285798,2701.771049,-72.325337,0.051232,-72.376569,false
26163937,UniswapV2,SushiSwapV2,2854.216867,1.134244434895056802,2780.996663,-73.220204,0.051232,-73.271436,false
26163937,SushiSwapV2,UniswapV2,2854.216867,1.111314263768390128,2778.219019,-75.997848,0.051232,-76.049080,false
26163937,UniswapV2,SushiSwapV2,2934.337349,1.166074525362529611,2857.437822,-76.899527,0.051232,-76.950759,false
26163937,SushiSwapV2,UniswapV2,2934.337349,1.141867970468785403,2854.579936,-79.757413,0.051232,-79.808645,false
26163937,UniswapV2,SushiSwapV2,3014.457831,1.197904114132752871,2933.792193,-80.665638,0.051232,-80.716870,false
26163937,SushiSwapV2,UniswapV2,3014.457831,1.172387364129399510,2930.853947,-83.603884,0.051232,-83.655116,false
26163937,UniswapV2,SushiSwapV2,3094.578313,1.229733201217587913,3010.059923,-84.518390,0.051232,-84.569622,false
26163937,SushiSwapV2,UniswapV2,3094.578313,1.202872502520176198,3007.041200,-87.537113,0.051232,-87.588345,false
26163937,UniswapV2,SushiSwapV2,3174.698795,1.261561786628895692,3086.241159,-88.457636,0.051232,-88.508868,false
26163937,SushiSwapV2,UniswapV2,3174.698795,1.233323443281448835,3083.141845,-91.556950,0.051232,-91.608182,false
26163937,UniswapV2,SushiSwapV2,3254.819277,1.293389870378536793,3162.336048,-92.483229,0.051232,-92.534461,false
26163937,SushiSwapV2,UniswapV2,3254.819277,1.263740243924303700,3159.156027,-95.663250,0.051232,-95.714482,false
26163937,UniswapV2,SushiSwapV2,3334.939759,1.325217452478371422,3238.344738,-96.595021,0.051232,-96.646253,false
26163937,SushiSwapV2,UniswapV2,3334.939759,1.294122961830942034,3235.083895,-99.855864,0.051232,-99.907096,false
26163937,UniswapV2,SushiSwapV2,3415.060241,1.357044532940259416,3314.267374,-100.792867,0.051232,-100.844099,false
26163937,SushiSwapV2,UniswapV2,3415.060241,1.324471654255040891,3310.925595,-104.134646,0.051232,-104.185878,false
26163937,UniswapV2,SushiSwapV2,3495.180723,1.388871111776060235,3390.104103,-105.076620,0.051232,-105.127852,false
26163937,SushiSwapV2,UniswapV2,3495.180723,1.354786378322112771,3386.681275,-108.499448,0.051232,-108.550680,false
26163937,UniswapV2,SushiSwapV2,3575.301205,1.420697188997632967,3465.855069,-109.446136,0.051232,-109.497368,false
26163937,SushiSwapV2,UniswapV2,3575.301205,1.385067191029864040,3462.351079,-112.950126,0.051232,-113.001358,false
26163937,UniswapV2,SushiSwapV2,3655.421687,1.452522764616836325,3541.520420,-113.901267,0.051232,-113.952499,false
26163937,SushiSwapV2,UniswapV2,3655.421687,1.415314149248552161,3537.935155,-117.486532,0.051232,-117.537764,false
26163937,UniswapV2,SushiSwapV2,3735.542169,1.484347838645528648,3617.100299,-118.441870,0.051232,-118.493102,false
26163937,SushiSwapV2,UniswapV2,3735.542169,1.445527309721341716,3613.433647,-122.108522,0.051232,-122.159754,false
26163937,UniswapV2,SushiSwapV2,3815.662651,1.516172411095567902,3692.594852,-123.067799,0.051232,-123.119031,false
26163937,SushiSwapV2,UniswapV2,3815.662651,1.475706729064659243,3688.846702,-126.815949,0.051232,-126.867181,false
26163937,UniswapV2,SushiSwapV2,3895.783133,1.547996481978811680,3768.004222,-127.778911,0.051232,-127.830143,false
26163937,SushiSwapV2,UniswapV2,3895.783133,1.505852463768546876,3764.174463,-131.608670,0.051232,-131.659902,false
26163937,UniswapV2,SushiSwapV2,3975.903614,1.579820050909923900,3843.328554,-132.575060,0.051232,-132.626292,false
26163937,SushiSwapV2,UniswapV2,3975.903614,1.535964569821389126,3839.417075,-136.486539,0.051232,-136.537771,false
26163937,UniswapV2,SushiSwapV2,4056.024096,1.611643118695154265,3918.567992,-137.456104,0.051232,-137.507336,false
26163937,SushiSwapV2,UniswapV2,4056.024096,1.566043104213185577,3914.574684,-141.449412,0.051232,-141.500644,false
26163937,UniswapV2,SushiSwapV2,4136.144578,1.643465684949159687,3993.722680,-142.421898,0.051232,-142.473130,false
26163937,SushiSwapV2,UniswapV2,4136.144578,1.596088122680890166,3989.647433,-146.497145,0.051232,-146.548377,false
26163937,UniswapV2,SushiSwapV2,4216.265060,1.675287749683796263,4068.792760,-147.472300,0.051232,-147.523532,false
26163937,SushiSwapV2,UniswapV2,4216.265060,1.626099681212520282,4064.635466,-151.629594,0.051232,-151.680826,false
26163937,UniswapV2,SushiSwapV2,4296.385542,1.707109312910919716,4143.778375,-152.607167,0.051232,-152.658399,false
26163937,SushiSwapV2,UniswapV2,4296.385542,1.656077835671459480,4139.538925,-156.846617,0.051232,-156.897849,false
26163937,UniswapV2,SushiSwapV2,4376.506024,1.738930374642385395,4218.679667,-157.826357,0.051232,-157.877589,false
26163937,SushiSwapV2,UniswapV2,4376.506024,1.686022641796804090,4214.357954,-162.148070,0.051232,-162.199302,false
26163937,UniswapV2,SushiSwapV2,4456.626506,1.770750934890048278,4293.496779,-163.129727,0.051232,-163.180959,false
26163937,SushiSwapV2,UniswapV2,4456.626506,1.715934155203708684,4289.092696,-167.533810,0.051232,-167.585042,false
26163937,UniswapV2,SushiSwapV2,4536.746988,1.802570993665762966,4368.229853,-168.517135,0.051232,-168.568367,false
26163937,SushiSwapV2,UniswapV2,4536.746988,1.745812431383730373,4363.743292,-173.003696,0.051232,-173.054928,false
26163937,UniswapV2,SushiSwapV2,4616.867470,1.834390550981383689,4442.879030,-173.988440,0.051232,-174.039672,false
26163937,SushiSwapV2,UniswapV2,4616.867470,1.775657525705171968,4438.309886,-178.557584,0.051232,-178.608816,false
26163937,UniswapV2,SushiSwapV2,4696.987952,1.866209606848764300,4517.444451,-179.543501,0.051232,-179.594733,false
26163937,SushiSwapV2,UniswapV2,4696.987952,1.805469493413423997,4512.792618,-184.195334,0.051232,-184.246566,false
26163937,UniswapV2,SushiSwapV2,4777.108434,1.898028161279758282,4591.926257,-185.182177,0.051232,-185.233409,false
26163937,SushiSwapV2,UniswapV2,4777.108434,1.835248389631305584,4587.191630,-189.916804,0.051232,-189.968036,false
26163937,UniswapV2,SushiSwapV2,4857.228916,1.929846214286218743,4666.324589,-190.904327,0.051232,-190.955559,false
26163937,SushiSwapV2,UniswapV2,4857.228916,1.864994269359404187,4661.507063,-195.721853,0.051232,-195.773085,false
26163937,UniswapV2,SushiSwapV2,4937.349398,1.961663765879998417,4740.639587,-196.709811,0.051232,-196.761043,false
26163937,SushiSwapV2,UniswapV2,4937.349398,1.894707187476414219,4735.739057,-201.610341,0.051232,-201.661573,false
26163937,UniswapV2,SushiSwapV2,5017.469880,1.993480816072949664,4814.871391,-202.598489,0.051232,-202.649721,false
26163937,SushiSwapV2,UniswapV2,5017.469880,1.924387198739474531,4809.887755,-207.582125,0.051232,-207.633357,false
26163937,UniswapV2,SushiSwapV2,5097.590361,2.025297364479818798,4889.020139,-208.570222,0.051232,-208.621454,false
26163937,SushiSwapV2,UniswapV2,5097.590361,1.954034357414677369,4883.953293,-213.637068,0.051232,-213.688300,false
26163937,UniswapV2,SushiSwapV2,5177.710843,2.057113411906675039,4963.085973,-214.624870,0.051232,-214.676102,false
26163937,SushiSwapV2,UniswapV2,5177.710843,1.983648718757122309,4957.935815,-219.775028,0.051232,-219.826260,false
26163937,UniswapV2,SushiSwapV2,5257.831325,2.088928957968257694,5037.069031,-220.762294,0.051232,-220.813526,false
26163937,SushiSwapV2,UniswapV2,5257.831325,2.013230336791058168,5031.835458,-225.995867,0.051232,-226.047099,false
26163937,UniswapV2,SushiSwapV2,5337.951807,2.120744002676417631,5110.969451,-226.982356,0.051232,-227.033588,false
26163937,SushiSwapV2,UniswapV2,5337.951807,2.042779265790754108,5105.652363,-232.299444,0.051232,-232.350676,false
26163937,UniswapV2,SushiSwapV2,5418.072289,2.152558546043005342,5184.787373,-233.284916,0.051232,-233.336148,false
26163937,SushiSwapV2,UniswapV2,5418.072289,2.072295559910594458,5179.386667,-238.685622,0.051232,-238.736854,false
26163937,UniswapV2,SushiSwapV2,5498.192771,2.184372588079870948,5258.522933,-239.669838,0.051232,-239.721070,false
26163937,SushiSwapV2,UniswapV2,5498.192771,2.101779273185409539,5253.038509,-245.154262,0.051232,-245.205494,false
26163937,UniswapV2,SushiSwapV2,5578.313253,2.216186128798864194,5332.176270,-246.136983,0.051232,-246.188215,false
26163937,SushiSwapV2,UniswapV2,5578.313253,2.131230459530805402,5326.608028,-251.705225,0.051232,-251.756457,false
26163937,UniswapV2,SushiSwapV2,5658.433735,2.247999168211834453,5405.747521,-252.686214,0.051232,-252.737446,false
26163937,SushiSwapV2,UniswapV2,5658.433735,2.160649172743492471,5400.095362,-258.338373,0.051232,-258.389605,false
26163937,UniswapV2,SushiSwapV2,5738.554217,2.279811706330630724,5479.236824,-259.317393,0.051232,-259.368625,false
26163937,SushiSwapV2,UniswapV2,5738.554217,2.190035466501613099,5473.500648,-265.053569,0.051232,-265.104801,false
26163937,UniswapV2,SushiSwapV2,5818.674699,2.311623743167101634,5552.644315,-266.030384,0.051232,-266.081616,false
26163937,SushiSwapV2,UniswapV2,5818.674699,2.219389394365068050,5546.824023,-271.850676,0.051232,-271.901908,false
26163937,UniswapV2,SushiSwapV2,5898.795181,2.343435278733095435,5625.970130,-272.825051,0.051232,-272.876283,false
26163937,SushiSwapV2,UniswapV2,5898.795181,2.248711009775841886,5620.065625,-278.729556,0.051232,-278.780788,false
26163937,UniswapV2,SushiSwapV2,5978.915663,2.375246313040460006,5699.214406,-279.701257,0.051232,-279.752489,false
26163937,SushiSwapV2,UniswapV2,5978.915663,2.278000366058327301,5693.225590,-285.690073,0.051232,-285.741305,false
26163937,UniswapV2,SushiSwapV2,6059.036145,2.407056846101042853,5772.377280,-286.658865,0.051232,-286.710097,false
26163937,SushiSwapV2,UniswapV2,6059.036145,2.307257516419648368,5766.304055,-292.732090,0.051232,-292.783322,false
26163937,UniswapV2,SushiSwapV2,6139.156627,2.438866877926691108,5845.458886,-293.697741,0.051232,-293.748973,false
26163937,SushiSwapV2,UniswapV2,6139.156627,2.336482513949982726,5839.301155,-299.855472,0.051232,-299.906704,false
26163937,UniswapV2,SushiSwapV2,6219.277108,2.470676408132233450,5918.459358,-300.817750,0.051232,-300.868982,false
26163937,SushiSwapV2,UniswapV2,6219.277108,2.365675411258720333,5912.217026,-307.060082,0.051232,-307.111314,false
26163937,UniswapV2,SushiSwapV2,6299.397590,2.502485437523558681,5991.378835,-308.018755,0.051232,-308.069987,false
26163937,SushiSwapV2,UniswapV2,6299.397590,2.394836261931832701,5985.051806,-314.345784,0.051232,-314.397016,false
26163937,UniswapV2,SushiSwapV2,6379.518072,2.534293965715488477,6064.217449,-315.300623,0.051232,-315.351855,false
26163937,SushiSwapV2,UniswapV2,6379.518072,2.423965118346018014,6057.805627,-321.712445,0.051232,-321.763677,false
26163937,UniswapV2,SushiSwapV2,6459.638554,2.566101992719868478,6136.975335,-322.663219,0.051232,-322.714451,false
26163937,SushiSwapV2,UniswapV2,6459.638554,2.453062033126868894,6130.478626,-329.159928,0.051232,-329.211160,false
26163937,UniswapV2,SushiSwapV2,6539.759036,2.597909518548543949,6209.652627,-330.106409,0.051232,-330.157641,false
26163937,SushiSwapV2,UniswapV2,6539.759036,2.482127058784626625,6203.070936,-336.688100,0.051232,-336.739332,false
26163937,UniswapV2,SushiSwapV2,6619.879518,2.629716543213359782,6282.249460,-337.630058,0.051232,-337.681290,false
26163937,SushiSwapV2,UniswapV2,6619.879518,2.511160247714497036,6275.582693,-344.296825,0.051232,-344.348057,false
26163937,UniswapV2,SushiSwapV2,6700.000000,2.661523066726160498,6354.765966,-345.234034,0.051232,-345.285266,false
26163937,SushiSwapV2,UniswapV2,6700.000000,2.540161652196965337,6348.014030,-351.985970,0.051232,-352.037202,false
26163937,UniswapV2,SushiSwapV2,6780.120482,2.693329089098790241,6427.202278,-352.918204,0.051232,-352.969436,false
26163937,SushiSwapV2,UniswapV2,6780.120482,2.569131324398109932,6420.365081,-359.755401,0.051232,-359.806633,false
26163937,UniswapV2,SushiSwapV2,6860.240964,2.725134610343092786,6499.558531,-360.682433,0.051232,-360.733665,false
26163937,SushiSwapV2,UniswapV2,6860.240964,2.598069316369915193,6492.635979,-367.604985,0.051232,-367.656217,false
26163937,UniswapV2,SushiSwapV2,6940.361446,2.756939630470911531,6571.834855,-368.526591,0.051232,-368.577823,false
26163937,SushiSwapV2,UniswapV2,6940.361446,2.626975680050583214,6564.826857,-375.534589,0.051232,-375.585821,false
26163937,UniswapV2,SushiSwapV2,7020.481928,2.788744149494089503,6644.031385,-376.450543,0.051232,-376.501775,false
26163937,SushiSwapV2,UniswapV2,7020.481928,2.655850467264844546,6636.937848,-383.544080,0.051232,-383.595312,false
26163937,UniswapV2,SushiSwapV2,7100.602410,2.820548167424469355,6716.148251,-384.454159,0.051232,-384.505391,false
26163937,SushiSwapV2,UniswapV2,7100.602410,2.684693729724267903,6708.969085,-391.633325,0.051232,-391.684557,false
26163937,UniswapV2,SushiSwapV2,7180.722892,2.852351684273893368,6788.185586,-392.537306,0.051232,-392.588538,false
26163937,SushiSwapV2,UniswapV2,7180.722892,2.713505519027568868,6780.920701,-399.802191,0.051232,-399.853423,false
26163937,UniswapV2,SushiSwapV2,7260.843373,2.884154699657266678,6860.143521,-400.699852,0.051232,-400.751084,false
26163937,SushiSwapV2,UniswapV2,7260.843373,2.742285886301899844,6852.792825,-408.050548,0.051232,-408.101780,false
26163937,UniswapV2,SushiSwapV2,7340.963855,2.915957214380310612,6932.022187,-408.941668,0.051232,-408.992900,false
26163937,SushiSwapV2,UniswapV2,7340.963855,2.771034883639618896,6924.585592,-416.378263,0.051232,-416.429495,false
26163937,UniswapV2,SushiSwapV2,7421.084337,2.947759228057923308,7003.821716,-417.262621,0.051232,-417.313853,false
26163937,SushiSwapV2,UniswapV2,7421.084337,2.799752561943314729,6996.299131,-424.785206,0.051232,-424.836438,false
26163937,UniswapV2,SushiSwapV2,7501.204819,2.979560740701945552,7075.542237,-425.662582,0.051232,-425.713814,false
26163937,SushiSwapV2,UniswapV2,7501.204819,2.828438972363357246,7067.933575,-433.271244,0.051232,-433.322476,false
26163937,UniswapV2,SushiSwapV2,7581.325301,3.011361752324217760,7147.183882,-434.141419,0.051232,-434.192651,false
26163937,SushiSwapV2,UniswapV2,7581.325301,2.857094165938791639,7139.489053,-441.836248,0.051232,-441.887480,false
26163937,UniswapV2,SushiSwapV2,7661.445783,3.043162262936579972,7218.746779,-442.699004,0.051232,-442.750236,false
26163937,SushiSwapV2,UniswapV2,7661.445783,2.885718193597641088,7210.965697,-450.480086,0.051232,-450.531318,false
26163937,UniswapV2,SushiSwapV2,7741.566265,3.074962272550871858,7290.231060,-451.335205,0.051232,-451.386437,false
26163937,SushiSwapV2,UniswapV2,7741.566265,2.914311106157208473,7282.363636,-459.202629,0.051232,-459.253861,false
26163937,UniswapV2,SushiSwapV2,7821.686747,3.106761781178932711,7361.636854,-460.049893,0.051232,-460.101125,false
26163937,SushiSwapV2,UniswapV2,7821.686747,2.942872954324377094,7353.683001,-468.003746,0.051232,-468.054978,false
26163937,UniswapV2,SushiSwapV2,7901.807229,3.138560788832601455,7432.964289,-468.842940,0.051232,-468.894172,false
26163937,SushiSwapV2,UniswapV2,7901.807229,2.971403788695910427,7424.923920,-476.883309,0.051232,-476.934541,false
26163937,UniswapV2,SushiSwapV2,7981.927711,3.170359295523716639,7504.213494,-477.714217,0.051232,-477.765449,false
26163937,SushiSwapV2,UniswapV2,7981.927711,2.999903659758750887,7496.086525,-485.841186,0.051232,-485.892418,false
26163937,UniswapV2,SushiSwapV2,8062.048193,3.202157301264116439,7575.384599,-486.663594,0.051232,-486.714826,false
26163937,SushiSwapV2,UniswapV2,8062.048193,3.028372617890317630,7567.170942,-494.877251,0.051232,-494.928483,false
26163937,UniswapV2,SushiSwapV2,8142.168675,3.233954806065638657,7646.477731,-495.690944,0.051232,-495.742176,false
26163937,SushiSwapV2,UniswapV2,8142.168675,3.056810713358803384,7638.177302,-503.991373,0.051232,-504.042605,false
26163937,UniswapV2,SushiSwapV2,8222.289157,3.265751809940120725,7717.493019,-504.796138,0.051232,-504.847370,false
26163937,SushiSwapV2,UniswapV2,8222.289157,3.085217996323470314,7709.105733,-513.183424,0.051232,-513.234656,false
26163937,UniswapV2,SushiSwapV2,8302.409639,3.297548312899399699,7788.430590,-513.979049,0.051232,-514.030281,false
26163937,SushiSwapV2,UniswapV2,8302.409639,3.113594516834944926,7779.956362,-522.453277,0.051232,-522.504509,false
26163937,UniswapV2,SushiSwapV2,8382.530120,3.329344314558463034,7859.290572,-523.239548,0.051232,-523.290780,false
26163937,SushiSwapV2,UniswapV2,8382.530120,3.141940324481913685,7850.729318,-531.800802,0.051232,-531.852034,false
26163937,UniswapV2,SushiSwapV2,8462.650602,3.361139815722851752,7930.073092,-532.577510,0.051232,-532.628742,false
26163937,SushiSwapV2,UniswapV2,8462.650602,3.170255469806191715,7921.424729,-541.225873,0.051232,-541.277105,false
26163937,UniswapV2,SushiSwapV2,8542.771084,3.392934816007546312,8000.778277,-541.992807,0.051232,-542.044039,false
26163937,SushiSwapV2,UniswapV2,8542.771084,3.198540002180277068,7992.042722,-550.728362,0.051232,-550.779594,false
26163937,UniswapV2,SushiSwapV2,8622.891566,3.424729315424382277,8071.406254,-551.485312,0.051232,-551.536544,false
26163937,SushiSwapV2,UniswapV2,8622.891566,3.226793971223183561,8062.583424,-560.308142,0.051232,-560.359374,false
26163937,UniswapV2,SushiSwapV2,8703.012048,3.456523313985194840,8141.957150,-561.054898,0.051232,-561.106130,false
26163937,SushiSwapV2,UniswapV2,8703.012048,3.255017426446749582,8133.046962,-569.965086,0.051232,-570.016318,false
26163937,UniswapV2,SushiSwapV2,8783.132530,3.488316811701818822,8212.431089,-570.701441,0.051232,-570.752673,false
26163937,SushiSwapV2,UniswapV2,8783.132530,3.283210417255927301,8203.433463,-579.699067,0.051232,-579.750299,false
26163937,UniswapV2,SushiSwapV2,8863.253012,3.520109808586088669,8282.828199,-580.424813,0.051232,-580.476045,false
26163937,SushiSwapV2,UniswapV2,8863.253012,3.311372992949070951,8273.743052,-589.509960,0.051232,-589.561192,false
26163937,UniswapV2,SushiSwapV2,8943.373494,3.551902304649838456,8353.148604,-590.224890,0.051232,-590.276122,false
26163937,SushiSwapV2,UniswapV2,8943.373494,3.339505202718224172,8343.975856,-599.397638,0.051232,-599.448870,false
26163937,UniswapV2,SushiSwapV2,9023.493976,3.583694299904901883,8423.392430,-600.101546,0.051232,-600.152778,false
26163937,SushiSwapV2,UniswapV2,9023.493976,3.367607095649406423,8414.132000,-609.361976,0.051232,-609.413208,false
26163937,UniswapV2,SushiSwapV2,9103.614458,3.615485794363112280,8493.559803,-610.054655,0.051232,-610.105887,false
26163937,SushiSwapV2,UniswapV2,9103.614458,3.395678720722898476,8484.211611,-619.402847,0.051232,-619.454079,false
26163937,UniswapV2,SushiSwapV2,9183.734940,3.647276788036302601,8563.650846,-620.084094,0.051232,-620.135326,false
26163937,SushiSwapV2,UniswapV2,9183.734940,3.423720126813526982,8554.214812,-629.520128,0.051232,-629.571360,false
26163937,UniswapV2,SushiSwapV2,9263.855422,3.679067280936305429,8633.665684,-630.189738,0.051232,-630.240970,false
26163937,SushiSwapV2,UniswapV2,9263.855422,3.451731362690948122,8624.141729,-639.713693,0.051232,-639.764925,false
26163937,UniswapV2,SushiSwapV2,9343.975904,3.710857273074952975,8703.604442,-640.371462,0.051232,-640.422694,false
26163937,SushiSwapV2,UniswapV2,9343.975904,3.479712477019930339,8693.992487,-649.983417,0.051232,-650.034649,false
26163937,UniswapV2,SushiSwapV2,9424.096386,3.742646764464077076,8773.467243,-650.629143,0.051232,-650.680375,false
26163937,SushiSwapV2,UniswapV2,9424.096386,3.507663518360636165,8763.767209,-660.329177,0.051232,-660.380409,false
26163937,UniswapV2,SushiSwapV2,9504.216867,3.774435754718747475,8843.254210,-660.962657,0.051232,-661.013889,false
26163937,SushiSwapV2,UniswapV2,9504.216867,3.535584534820602423,8833.466020,-670.750847,0.051232,-670.802079,false
26163937,UniswapV2,SushiSwapV2,9584.337349,3.806224244644324957,8912.965469,-671.371880,0.051232,-671.423112,false
26163937,SushiSwapV2,UniswapV2,9584.337349,3.563475575448596910,8903.089044,-681.248305,0.051232,-681.299537,false
26163937,UniswapV2,SushiSwapV2,9664.457831,3.838012233855872268,8982.601141,-681.856690,0.051232,-681.907922,false
26163937,SushiSwapV2,UniswapV2,9664.457831,3.591336688143971143,8972.636405,-691.821426,0.051232,-691.872658,false
26163937,UniswapV2,SushiSwapV2,9744.578313,3.869799722365219756,9052.161349,-692.416964,0.051232,-692.468196,false
26163937,SushiSwapV2,UniswapV2,9744.578313,3.619167921051264116,9042.108226,-702.470087,0.051232,-702.521319,false
26163937,UniswapV2,SushiSwapV2,9824.698795,3.901586710184197394,9121.646217,-703.052578,0.051232,-703.103810,false
26163937,SushiSwapV2,UniswapV2,9824.698795,3.646969322211804472,9111.504628,-713.194167,0.051232,-713.245399,false
26163937,UniswapV2,SushiSwapV2,9904.819277,3.933373197324634784,9191.055866,-713.763411,0.051232,-713.814643,false
26163937,SushiSwapV2,UniswapV2,9904.819277,3.674740939563986921,9180.825737,-723.993540,0.051232,-724.044772,false
26163937,UniswapV2,SushiSwapV2,9984.939759,3.965159183798361154,9260.390419,-724.549340,0.051232,-724.600572,false
26163937,SushiSwapV2,UniswapV2,9984.939759,3.702482820943547784,9250.071673,-734.868086,0.051232,-734.919318,false
26163937,UniswapV2,SushiSwapV2,10065.060241,3.996944669617205360,9329.649997,-735.410244,0.051232,-735.461476,false
26163937,SushiSwapV2,UniswapV2,10065.060241,3.730195014083839643,9319.242559,-745.817682,0.051232,-745.868914,false
26163937,UniswapV2,SushiSwapV2,10145.180723,4.028729654792995884,9398.834721,-746.346002,0.051232,-746.397234,false
26163937,SushiSwapV2,UniswapV2,10145.180723,3.757877566616105107,9388.338517,-756.842206,0.051232,-756.893438,false
26163937,UniswapV2,SushiSwapV2,10225.301205,4.060514139337560838,9467.944714,-757.356491,0.051232,-757.407723,false
26163937,SushiSwapV2,UniswapV2,10225.301205,3.785530526069749711,9457.359669,-767.941536,0.051232,-767.992768,false
26163937,UniswapV2,SushiSwapV2,10305.421687,4.092298123262727959,9536.980096,-768.441591,0.051232,-768.492823,false
26163937,SushiSwapV2,UniswapV2,10305.421687,3.813153939872613932,9526.306136,-779.115551,0.051232,-779.166783,false
26163937,UniswapV2,SushiSwapV2,10385.542169,4.124081606580324613,9605.940988,-779.601181,0.051232,-779.652413,false
26163937,SushiSwapV2,UniswapV2,10385.542169,3.840747855351244336,9595.178040,-790.364129,0.051232,-790.415361,false
26163937,UniswapV2,SushiSwapV2,10465.662651,4.155864589302177792,9674.827510,-790.835141,0.051232,-790.886373,false
26163937,SushiSwapV2,UniswapV2,10465.662651,3.868312319731163853,9663.975500,-801.687151,0.051232,-801.738383,false
26163937,UniswapV2,SushiSwapV2,10545.783133,4.187647071440114117,9743.639783,-802.143350,0.051232,-802.194582,false
26163937,SushiSwapV2,UniswapV2,10545.783133,3.895847380137141198,9732.698638,-813.084495,0.051232,-813.135727,false
26163937,UniswapV2,SushiSwapV2,10625.903614,4.219429052609285596,9812.377925,-813.525689,0.051232,-813.576921,false
26163937,SushiSwapV2,UniswapV2,10625.903614,3.923353083250338156,9801.347574,-824.556040,0.051232,-824.607272,false
26163937,UniswapV2,SushiSwapV2,10706.024096,4.251210533614872831,9881.042059,-824.982037,0.051232,-825.033269,false
26163937,SushiSwapV2,UniswapV2,10706.024096,3.950829476681427848,9869.922428,-836.101668,0.051232,-836.152900,false
26163937,UniswapV2,SushiSwapV2,10786.144578,4.282991514072020836,9949.632303,-836.512275,0.051232,-836.563507,false
26163937,SushiSwapV2,UniswapV2,10786.144578,3.978276606911036835,9938.423321,-847.721257,0.051232,-847.772489,false
26163937,UniswapV2,SushiSwapV2,10866.265060,4.314771993992554744,10018.148775,-848.116285,0.051232,-848.167517,false
26163937,SushiSwapV2,UniswapV2,10866.265060,4.005694520663593901,10006.850371,-859.414689,0.051232,-859.465921,false
26163937,UniswapV2,SushiSwapV2,10946.385542,4.346551973388299310,10086.591596,-859.793946,0.051232,-859.845178,false
26163937,SushiSwapV2,UniswapV2,10946.385542,4.033083264564107821,10075.203699,-871.181843,0.051232,-871.233075,false
26163937,UniswapV2,SushiSwapV2,11026.506024,4.378331452271078921,10154.960883,-871.545141,0.051232,-871.596373,false
26163937,SushiSwapV2,UniswapV2,11026.506024,4.060442885138431643,10143.483422,-883.022602,0.051232,-883.073834,false
26163937,UniswapV2,SushiSwapV2,11106.626506,4.410110430652717589,10223.256755,-883.369751,0.051232,-883.420983,false
26163937,SushiSwapV2,UniswapV2,11106.626506,4.087773428813526146,10211.689661,-894.936845,0.051232,-894.988077,false
26163937,UniswapV2,SushiSwapV2,11186.746988,4.441888908545038954,10291.479330,-895.267658,0.051232,-895.318890,false
26163937,SushiSwapV2,UniswapV2,11186.746988,4.115074941917722443,10279.822533,-906.924455,0.051232,-906.975687,false
26163937,UniswapV2,SushiSwapV2,11266.867470,4.473666885959866285,10359.628727,-907.238743,0.051232,-907.289975,false
26163937,SushiSwapV2,UniswapV2,11266.867470,4.142347470680983752,10347.882156,-918.985314,0.051232,-919.036546,false
26163937,UniswapV2,SushiSwapV2,11346.987952,4.505444362909022476,10427.705062,-919.282890,0.051232,-919.334122,false
26163937,SushiSwapV2,UniswapV2,11346.987952,4.169591061235166344,10415.868650,-931.119302,0.051232,-931.170534,false
26163937,UniswapV2,SushiSwapV2,11427.108434,4.537221339404330052,10495.708454,-931.399980,0.051232,-931.451212,false
26163937,SushiSwapV2,UniswapV2,11427.108434,4.196805759614279642,10483.782131,-943.326303,0.051232,-943.377535,false
26163937,UniswapV2,SushiSwapV2,11507.228916,4.568997815457611163,10563.639020,-943.589896,0.051232,-943.641128,false
26163937,SushiSwapV2,UniswapV2,11507.228916,4.223991611754745511,10551.622718,-955.606198,0.051232,-955.657430,false
26163937,UniswapV2,SushiSwapV2,11587.349398,4.600773791080687587,10631.496875,-955.852523,0.051232,-955.903755,false
26163937,SushiSwapV2,UniswapV2,11587.349398,4.251148663495656711,10619.390527,-967.958871,0.051232,-968.010103,false
26163937,UniswapV2,SushiSwapV2,11667.469880,4.632549266285380731,10699.282138,-968.187742,0.051232,-968.238974,false
26163937,SushiSwapV2,UniswapV2,11667.469880,4.278276960579034537,10687.085676,-980.384204,0.051232,-980.435436,false
26163937,UniswapV2,SushiSwapV2,11747.590361,4.664324240686924839,10766.994924,-980.595437,0.051232,-980.646669,false
26163937,SushiSwapV2,UniswapV2,11747.590361,4.305376548312029147,10754.708280,-992.882081,0.051232,-992.933313,false
26163937,UniswapV2,SushiSwapV2,11827.710843,4.696098715090320396,10834.635350,-993.075493,0.051232,-993.126725,false
26163937,SushiSwapV2,UniswapV2,11827.710843,4.332447472919758995,10822.258458,-1005.452385,0.051232,-1005.503617,false
26163937,UniswapV2,SushiSwapV2,11907.831325,4.727872689110794656,10902.203531,-1005.627794,0.051232,-1005.679026,false
26163937,SushiSwapV2,UniswapV2,11907.831325,4.359489779516154107,10889.736325,-1018.095000,0.051232,-1018.146232,false
26163937,UniswapV2,SushiSwapV2,11987.951807,4.759646162760167536,10969.699584,-1018.252223,0.051232,-1018.303455,false
26163937,SushiSwapV2,UniswapV2,11987.951807,4.386503513457509973,10957.141997,-1030.809810,0.051232,-1030.861042,false
26163937,UniswapV2,SushiSwapV2,12068.072289,4.791419136050258582,11037.123624,-1030.948665,0.051232,-1030.999897,false
26163937,SushiSwapV2,UniswapV2,12068.072289,4.413488720004326590,11024.475591,-1043.596698,0.051232,-1043.647930,false
26163937,UniswapV2,SushiSwapV2,12148.192771,4.823191608992886964,11104.475765,-1043.717006,0.051232,-1043.768238,false
26163937,SushiSwapV2,UniswapV2,12148.192771,4.440445444321561242,11091.737221,-1056.455550,0.051232,-1056.506782,false
26163937,UniswapV2,SushiSwapV2,12228.313253,4.854963581599871484,11171.756124,-1056.557129,0.051232,-1056.608361,false
26163937,SushiSwapV2,UniswapV2,12228.313253,4.467373731478880470,11158.927003,-1069.386250,0.051232,-1069.437482,false
26163937,UniswapV2,SushiSwapV2,12308.433735,4.886735053883030569,11238.964814,-1069.468921,0.051232,-1069.520153,false
26163937,SushiSwapV2,UniswapV2,12308.433735,4.494273626450911256,11226.045052,-1082.388683,0.051232,-1082.439915,false
26163937,UniswapV2,SushiSwapV2,12388.554217,4.918506025854182274,11306.101950,-1082.452267,0.051232,-1082.503499,false
26163937,SushiSwapV2,UniswapV2,12388.554217,4.521145174117491397,11293.091483,-1095.462734,0.051232,-1095.513966,false
26163937,UniswapV2,SushiSwapV2,12468.674699,4.950276497525144283,11373.167646,-1095.507053,0.051232,-1095.558285,false
26163937,SushiSwapV2,UniswapV2,12468.674699,4.547988419263919107,11360.066410,-1108.608289,0.051232,-1108.659521,false
26163937,UniswapV2,SushiSwapV2,12548.795181,4.982046468907733908,11440.162016,-1108.633165,0.051232,-1108.684397,false
26163937,SushiSwapV2,UniswapV2,12548.795181,4.574803406581201815,11426.969948,-1121.825233,0.051232,-1121.876465,false
26163937,UniswapV2,SushiSwapV2,12628.915663,5.013815940013768087,11507.085174,-1121.830489,0.051232,-1121.881721,false
26163937,SushiSwapV2,UniswapV2,12628.915663,4.601590180666304185,11493.802211,-1135.113452,0.051232,-1135.164684,false
26163937,UniswapV2,SushiSwapV2,12709.036145,5.045584910855063387,11573.937234,-1135.098911,0.051232,-1135.150143,false
26163937,SushiSwapV2,UniswapV2,12709.036145,4.628348786022395354,11560.563312,-1148.472833,0.051232,-1148.524065,false
26163937,UniswapV2,SushiSwapV2,12789.156627,5.077353381443436004,11640.718308,-1148.438319,0.051232,-1148.489551,false
26163937,SushiSwapV2,UniswapV2,12789.156627,4.655079267059095387,11627.253366,-1161.903261,0.051232,-1161.954493,false
26163937,UniswapV2,SushiSwapV2,12869.277108,5.109121351394202393,11707.428509,-1161.848599,0.051232,-1161.899831,false
26163937,SushiSwapV2,UniswapV2,12869.277108,4.681781667759617920,11693.872484,-1175.404624,0.051232,-1175.455856,false
26163937,UniswapV2,SushiSwapV2,12949.397590,5.140888821512182981,11774.067952,-1175.329638,0.051232,-1175.380870,false
26163937,SushiSwapV2,UniswapV2,12949.397590,4.708456033013776859,11760.420781,-1188.976809,0.051232,-1189.028041,false
26163937,UniswapV2,SushiSwapV2,13029.518072,5.172655791412687236,11840.636747,-1188.881325,0.051232,-1188.932557,false
26163937,SushiSwapV2,UniswapV2,13029.518072,4.735102406618562811,11826.898371,-1202.619701,0.051232,-1202.670933,false
26163937,UniswapV2,SushiSwapV2,13109.638554,5.204422261107529864,11907.135007,-1202.503547,0.051232,-1202.554779,false
26163937,SushiSwapV2,UniswapV2,13109.638554,4.761720832611848633,11893.305364,-1216.333190,0.051232,-1216.384422,false
26163937,UniswapV2,SushiSwapV2,13189.759036,5.236188230608525201,11973.562845,-1216.196191,0.051232,-1216.247423,false
26163937,SushiSwapV2,UniswapV2,13189.759036,4.788311354939178798,11959.641874,-1230.117162,0.051232,-1230.168394,false
26163937,UniswapV2,SushiSwapV2,13269.879518,5.267953699927487207,12039.920372,-1229.959146,0.051232,-1230.010378,false
26163937,SushiSwapV2,UniswapV2,13269.879518,4.814874017454011240,12025.908013,-1243.971505,0.051232,-1244.022737,false
26163937,UniswapV2,SushiSwapV2,13350.000000,5.299718669076229474,12106.207699,-1243.792301,0.051232,-1243.843533,false
26163937,SushiSwapV2,UniswapV2,13350.000000,4.841408863917958428,12092.103892,-1257.896108,0.051232,-1257.947340,false
26163937,UniswapV2,SushiSwapV2,13430.120482,5.331483138066565220,12172.424938,-1257.695544,0.051232,-1257.746776,false
26163937,SushiSwapV2,UniswapV2,13430.120482,4.867915938001027691,12158.229624,-1271.890858,0.051232,-1271.942090,false
26163937,UniswapV2,SushiSwapV2,13510.240964,5.363247106910307290,12238.572201,-1271.668763,0.051232,-1271.719995,false
26163937,SushiSwapV2,UniswapV2,13510.240964,4.894395283281860786,12224.285320,-1285.955644,0.051232,-1286.006876,false
26163937,UniswapV2,SushiSwapV2,13590.361446,5.395010575619268159,12304.649597,-1285.711849,0.051232,-1285.763081,false
26163937,SushiSwapV2,UniswapV2,13590.361446,4.920846943247972715,12290.271090,-1300.090356,0.051232,-1300.141588,false
26163937,UniswapV2,SushiSwapV2,13670.481928,5.426773544205259930,12370.657238,-1299.824690,0.051232,-1299.875922,false
26163937,SushiSwapV2,UniswapV2,13670.481928,4.947270961295989791,12356.187047,-1314.294881,0.051232,-1314.346113,false
26163937,UniswapV2,SushiSwapV2,13750.602410,5.458536012680094331,12436.595234,-1314.007176,0.051232,-1314.058408,false
26163937,SushiSwapV2,UniswapV2,13750.602410,4.973667380731886962,12422.033300,-1328.569110,0.051232,-1328.620342,false
26163937,UniswapV2,SushiSwapV2,13830.722892,5.490297981055582722,12502.463695,-1328.259197,0.051232,-1328.310429,false
26163937,SushiSwapV2,UniswapV2,13830.722892,5.000036244771224391,12487.809960,-1342.912932,0.051232,-1342.964164,false
26163937,UniswapV2,SushiSwapV2,13910.843373,5.522059448947117876,12568.262730,-1342.580643,0.051232,-1342.631875,false
26163937,SushiSwapV2,UniswapV2,13910.843373,5.026377596210783047,12553.517137,-1357.326236,0.051232,-1357.377468,false
26163937,UniswapV2,SushiSwapV2,13990.963855,5.553820417159353074,12633.992451,-1356.971404,0.051232,-1357.022636,false
26163937,SushiSwapV2,UniswapV2,13990.963855,5.052691478743543367,12619.154942,-1371.808913,0.051232,-1371.860145,false
26163937,UniswapV2,SushiSwapV2,14071.084337,5.585580885307674105,12699.652966,-1371.431371,0.051232,-1371.482603,false
26163937,SushiSwapV2,UniswapV2,14071.084337,5.078977934986289873,12684.723485,-1386.360852,0.051232,-1386.412084,false
26163937,UniswapV2,SushiSwapV2,14151.204819,5.617340853403890839,12765.244385,-1385.960434,0.051232,-1386.011666,false
26163937,SushiSwapV2,UniswapV2,14151.204819,5.105237007795274604,12750.222874,-1400.981945,0.051232,-1401.033177,false
26163937,UniswapV2,SushiSwapV2,14231.325301,5.649100321459812774,12830.766816,-1400.558485,0.051232,-1400.609717,false
26163937,SushiSwapV2,UniswapV2,14231.325301,5.131468739937506648,12815.653220,-1415.672081,0.051232,-1415.723313,false
26163937,UniswapV2,SushiSwapV2,14311.445783,5.680859289487249039,12896.220368,-1415.225415,0.051232,-1415.276647,false
26163937,SushiSwapV2,UniswapV2,14311.445783,5.157673174090984328,12881.014631,-1430.431152,0.051232,-1430.482384,false
26163937,UniswapV2,SushiSwapV2,14391.566265,5.712617757498008387,12961.605150,-1429.961115,0.051232,-1430.012347,false
26163937,SushiSwapV2,UniswapV2,14391.566265,5.183850352844926647,12946.307216,-1445.259049,0.051232,-1445.310281,false
26163937,UniswapV2,SushiSwapV2,14471.686747,5.744375725503899202,13026.921270,-1444.765477,0.051232,-1444.816709,false
26163937,SushiSwapV2,UniswapV2,14471.686747,5.210000318700004019,13011.531085,-1460.155662,0.051232,-1460.206894,false
26163937,UniswapV2,SushiSwapV2,14551.807229,5.776133193516729495,13092.168837,-1459.638392,0.051232,-1459.689624,false
26163937,SushiSwapV2,UniswapV2,14551.807229,5.236123114068568283,13076.686344,-1475.120885,0.051232,-1475.172117,false
26163937,UniswapV2,SushiSwapV2,14631.927711,5.807890161548306905,13157.347958,-1474.579753,0.051232,-1474.630985,false
26163937,SushiSwapV2,UniswapV2,14631.927711,5.262218781274881993,13141.773103,-1490.154608,0.051232,-1490.205840,false
26163937,UniswapV2,SushiSwapV2,14712.048193,5.839646629610438702,13222.458740,-1489.589453,0.051232,-1489.640685,false
26163937,SushiSwapV2,UniswapV2,14712.048193,5.288287362555347000,13206.791469,-1505.256724,0.051232,-1505.307956,false
26163937,UniswapV2,SushiSwapV2,14792.168675,5.871402597714931779,13287.501292,-1504.667383,0.051232,-1504.718615,false
26163937,SushiSwapV2,UniswapV2,14792.168675,5.314328900058732320,13271.741551,-1520.427124,0.051232,-1520.478356,false
26163937,UniswapV2,SushiSwapV2,14872.289157,5.903158065873592663,13352.475720,-1519.813437,0.051232,-1519.864669,false
26163937,SushiSwapV2,UniswapV2,14872.289157,5.340343435846401295,13336.623455,-1535.665702,0.051232,-1535.716934,false
26163937,UniswapV2,SushiSwapV2,14952.409639,5.934913034098227504,13417.382131,-1535.027508,0.051232,-1535.078740,false
26163937,SushiSwapV2,UniswapV2,14952.409639,5.366331011892538044,13401.437290,-1550.972349,0.051232,-1551.023581,false
26163937,UniswapV2,SushiSwapV2,15032.530120,5.966667502004311240,13482.220632,-1550.309488,0.051232,-1550.360720,false
26163937,SushiSwapV2,UniswapV2,15032.530120,5.392291669760520783,13466.183160,-1566.346960,0.051232,-1566.398192,false
26163937,UniswapV2,SushiSwapV2,15112.650602,5.998421470396317208,13546.991330,-1565.659272,0.051232,-1565.710504,false
26163937,SushiSwapV2,UniswapV2,15112.650602,5.418225451898891794,13530.861176,-1581.789426,0.051232,-1581.840658,false
26163937,UniswapV2,SushiSwapV2,15192.771084,6.030174938889713361,13611.694331,-1581.076753,0.051232,-1581.127985,false
26163937,SushiSwapV2,UniswapV2,15192.771084,5.444132399697461090,13595.471442,-1597.299642,0.051232,-1597.350874,false
26163937,UniswapV2,SushiSwapV2,15272.891566,6.061927907496304364,13676.329741,-1596.561825,0.051232,-1596.613057,false
26163937,SushiSwapV2,UniswapV2,15272.891566,5.470012554783946409,13660.014064,-1612.877502,0.051232,-1612.928734,false
26163937,UniswapV2,SushiSwapV2,15353.012048,6.093680376227894513,13740.897666,-1612.114382,0.051232,-1612.165614,false
26163937,SushiSwapV2,UniswapV2,15353.012048,5.495865958700008033,13724.489150,-1628.522898,0.051232,-1628.574130,false
26163937,UniswapV2,SushiSwapV2,15433.132530,6.125432345096287729,13805.398211,-1627.734319,0.051232,-1627.785551,false
26163937,SushiSwapV2,UniswapV2,15433.132530,5.521692652901471053,13788.896805,-1644.235725,0.051232,-1644.286957,false
26163937,UniswapV2,SushiSwapV2,15513.253012,6.157183814113287562,13869.831482,-1643.421530,0.051232,-1643.472762,false
26163937,SushiSwapV2,UniswapV2,15513.253012,5.547492678758546956,13853.237135,-1660.015877,0.051232,-1660.067109,false
26163937,UniswapV2,SushiSwapV2,15593.373494,6.188934783290697192,13934.197584,-1659.175910,0.051232,-1659.227142,false
26163937,SushiSwapV2,UniswapV2,15593.373494,5.573266077556054516,13917.510245,-1675.863249,0.051232,-1675.914481,false
26163937,UniswapV2,SushiSwapV2,15673.493976,6.220685252640319426,13998.496623,-1674.997353,0.051232,-1675.048585,false
26163937,SushiSwapV2,UniswapV2,15673.493976,5.599012890493640006,13981.716241,-1691.777735,0.051232,-1691.828967,false
26163937,UniswapV2,SushiSwapV2,15753.614458,6.252435222173956700,14062.728702,-1690.885756,0.051232,-1690.936988,false
26163937,SushiSwapV2,UniswapV2,15753.614458,5.624733158685996730,14045.855227,-1707.759231,0.051232,-1707.810463,false
26163937,UniswapV2,SushiSwapV2,15833.734940,6.284184691903411079,14126.893927,-1706.841013,0.051232,-1706.892245,false
26163937,SushiSwapV2,UniswapV2,15833.734940,5.650426923163083874,14109.927309,-1723.807631,0.051232,-1723.858863,false
26163937,UniswapV2,SushiSwapV2,15913.855422,6.315933661840484254,14190.992401,-1722.863021,0.051232,-1722.914253,false
26163937,SushiSwapV2,UniswapV2,15913.855422,5.676094224870344679,14173.932591,-1739.922831,0.051232,-1739.974063,false
26163937,UniswapV2,SushiSwapV2,15993.975904,6.347682131996977548,14255.024229,-1738.951675,0.051232,-1739.002907,false
26163937,SushiSwapV2,UniswapV2,15993.975904,5.701735104668923949,14237.871177,-1756.104727,0.051232,-1756.155959,false
26163937,UniswapV2,SushiSwapV2,16074.096386,6.379430102384691908,14318.989515,-1755.106871,0.051232,-1755.158103,false
26163937,SushiSwapV2,UniswapV2,16074.096386,5.727349603335884872,14301.743173,-1772.353213,0.051232,-1772.404445,false
26163937,UniswapV2,SushiSwapV2,16154.216867,6.411177572619184408,14382.888361,-1771.328506,0.051232,-1771.379738,false
26163937,SushiSwapV2,UniswapV2,16154.216867,5.752937761245218403,14365.548680,-1788.668187,0.051232,-1788.719419,false
26163937,UniswapV2,SushiSwapV2,16234.337349,6.442924543504748504,14446.720873,-1787.616476,0.051232,-1787.667708,false
26163937,SushiSwapV2,UniswapV2,16234.337349,5.778499619645213902,14429.287804,-1805.049545,0.051232,-1805.100777,false
26163937,UniswapV2,SushiSwapV2,16314.457831,6.474671014656934287,14510.487153,-1803.970678,0.051232,-1804.021910,false
26163937,SushiSwapV2,UniswapV2,16314.457831,5.804035218742448740,14492.960648,-1821.497183,0.051232,-1821.548415,false
26163937,UniswapV2,SushiSwapV2,16394.578313,6.506416986087541221,14574.187304,-1820.391009,0.051232,-1820.442241,false
26163937,SushiSwapV2,UniswapV2,16394.578313,5.829544598979814624,14556.567316,-1838.010997,0.051232,-1838.062229,false
26163937,UniswapV2,SushiSwapV2,16474.698795,6.538162457808368397,14637.821429,-1836.877366,0.051232,-1836.928598,false
26163937,SushiSwapV2,UniswapV2,16474.698795,5.855027800717195818,14620.107910,-1854.590885,0.051232,-1854.642117,false
26163937,UniswapV2,SushiSwapV2,16554.819277,6.569907429831214537,14701.389631,-1853.429646,0.051232,-1853.480878,false
26163937,SushiSwapV2,UniswapV2,16554.819277,5.880484864231681994,14683.582534,-1871.236743,0.051232,-1871.287975,false
26163937,UniswapV2,SushiSwapV2,16634.939759,6.601651902167877989,14764.892011,-1870.047748,0.051232,-1870.098980,false
26163937,SushiSwapV2,UniswapV2,16634.939759,5.905915829717780429,14746.991289,-1887.948470,0.051232,-1887.999702,false
26163937,UniswapV2,SushiSwapV2,16715.060241,6.633395874830156731,14828.328673,-1886.731568,0.051232,-1886.782800,false
26163937,SushiSwapV2,UniswapV2,16715.060241,5.931320737287627551,14810.334279,-1904.725962,0.051232,-1904.777194,false
26163937,UniswapV2,SushiSwapV2,16795.180723,6.665139347829848370,14891.699718,-1903.481005,0.051232,-1903.532237,false
26163937,SushiSwapV2,UniswapV2,16795.180723,5.956699626971199834,14873.611606,-1921.569117,0.051232,-1921.620349,false
26163937,UniswapV2,SushiSwapV2,16875.301205,6.696882321178750141,14955.005247,-1920.295958,0.051232,-1920.347190,false
26163937,SushiSwapV2,UniswapV2,16875.301205,5.982052538716524050,14936.823372,-1938.477833,0.051232,-1938.529065,false
26163937,UniswapV2,SushiSwapV2,16955.421687,6.728624794888658906,15018.245363,-1937.176324,0.051232,-1937.227556,false
26163937,SushiSwapV2,UniswapV2,16955.421687,6.007379512389886868,14999.969678,-1955.452009,0.051232,-1955.503241,false
26163937,UniswapV2,SushiSwapV2,17035.542169,6.760366768971371159,15081.420166,-1954.122003,0.051232,-1954.173235,false
26163937,SushiSwapV2,UniswapV2,17035.542169,6.032680587776043814,15063.050627,-1972.491542,0.051232,-1972.542774,false
26163937,UniswapV2,SushiSwapV2,17115.662651,6.792108243438683020,15144.529758,-1971.132893,0.051232,-1971.184125,false
26163937,SushiSwapV2,UniswapV2,17115.662651,6.057955804578427593,15126.066319,-1989.596332,0.051232,-1989.647564,false
26163937,UniswapV2,SushiSwapV2,17195.783133,6.823849218302390239,15207.574240,-1988.208893,0.051232,-1988.260125,false
26163937,SushiSwapV2,UniswapV2,17195.783133,6.083205202419355768,15189.016857,-2006.766276,0.051232,-2006.817508,false
26163937,UniswapV2,SushiSwapV2,17275.903614,6.855589693178131997,15270.553712,-2005.349902,0.051232,-2005.401134,false
26163937,SushiSwapV2,UniswapV2,17275.903614,6.108428820525577416,15251.902339,-2024.001275,0.051232,-2024.052507,false
26163937,UniswapV2,SushiSwapV2,17356.024096,6.887329668870021930,15333.468275,-2022.555821,0.051232,-2022.607053,false
26163937,SushiSwapV2,UniswapV2,17356.024096,6.133626698987442110,15314.722869,-2041.301227,0.051232,-2041.352459,false
26163937,UniswapV2,SushiSwapV2,17436.144578,6.919069144993692242,15396.318030,-2039.826548,0.051232,-2039.877780,false
26163937,SushiSwapV2,UniswapV2,17436.144578,6.158798876870179825,15377.478546,-2058.666032,0.051232,-2058.717264,false
26163937,UniswapV2,SushiSwapV2,17516.265060,6.950808121560937196,15459.103075,-2057.161985,0.051232,-2057.213217,false
26163937,SushiSwapV2,UniswapV2,17516.265060,6.183945393473711675,15440.169471,-2076.095589,0.051232,-2076.146821,false
26163937,UniswapV2,SushiSwapV2,17596.385542,6.982546598583550685,15521.823512,-2074.562030,0.051232,-2074.613262,false
26163937,SushiSwapV2,UniswapV2,17596.385542,6.209066288017872542,15502.795744,-2093.589798,0.051232,-2093.641030,false
26163937,UniswapV2,SushiSwapV2,17676.506024,7.014284576073326233,15584.479440,-2092.026584,0.051232,-2092.077816,false
26163937,SushiSwapV2,UniswapV2,17676.506024,6.234161599642614969,15565.357464,-2111.148560,0.051232,-2111.199792,false
26163937,UniswapV2,SushiSwapV2,17756.626506,7.046022054042056988,15647.070959,-2109.555547,0.051232,-2109.606779,false
26163937,SushiSwapV2,UniswapV2,17756.626506,6.259231367408212441,15627.854732,-2128.771774,0.051232,-2128.823006,false
26163937,UniswapV2,SushiSwapV2,17836.746988,7.077759032501535731,15709.598167,-2127.148821,0.051232,-2127.200053,false
26163937,SushiSwapV2,UniswapV2,17836.746988,6.284275630295462035,15690.287647,-2146.459341,0.051232,-2146.510573,false
26163937,UniswapV2,SushiSwapV2,17916.867470,7.109495511463554869,15772.061163,-2144.806307,0.051232,-2144.857539,false
26163937,SushiSwapV2,UniswapV2,17916.867470,6.309294427205886457,15752.656309,-2164.211161,0.051232,-2164.262393,false
26163937,UniswapV2,SushiSwapV2,17996.987952,7.141231490939906441,15834.460047,-2162.527905,0.051232,-2162.579137,false
26163937,SushiSwapV2,UniswapV2,17996.987952,6.334287796961935468,15814.960816,-2182.027136,0.051232,-2182.078368,false
26163937,UniswapV2,SushiSwapV2,18077.108434,7.172966970942382110,15896.794918,-2180.313516,0.051232,-2180.364748,false
26163937,SushiSwapV2,UniswapV2,18077.108434,6.359255778307186683,15877.201268,-2199.907166,0.051232,-2199.958398,false
26163937,UniswapV2,SushiSwapV2,18157.228916,7.204701951482773172,15959.065873,-2198.163043,0.051232,-2198.214275,false
26163937,SushiSwapV2,UniswapV2,18157.228916,6.384198409906545774,15939.377763,-2217.851153,0.051232,-2217.902385,false
26163937,UniswapV2,SushiSwapV2,18237.349398,7.236436432572870551,16021.273010,-2216.076388,0.051232,-2216.127620,false
26163937,SushiSwapV2,UniswapV2,18237.349398,6.409115730346446049,16001.490399,-2235.858999,0.051232,-2235.910231,false
26163937,UniswapV2,SushiSwapV2,18317.469880,7.268170414224464799,16083.416429,-2234.053451,0.051232,-2234.104683,false
26163937,SushiSwapV2,UniswapV2,18317.469880,6.434007778135047436,16063.539276,-2253.930604,0.051232,-2253.981836,false
26163937,UniswapV2,SushiSwapV2,18397.590361,7.299903896053277180,16145.496226,-2252.094135,0.051232,-2252.145367,false
26163937,SushiSwapV2,UniswapV2,18397.590361,6.458874591392224423,16125.524490,-2272.065871,0.051232,-2272.117103,false
26163937,UniswapV2,SushiSwapV2,18477.710843,7.331636878863241572,16207.512500,-2270.198343,0.051232,-2270.249575,false
26163937,SushiSwapV2,UniswapV2,18477.710843,6.483716209090919787,16187.446141,-2290.264702,0.051232,-2290.315934,false
26163937,UniswapV2,SushiSwapV2,18557.831325,7.363369362270072262,16269.465348,-2288.365977,0.051232,-2288.417209,false
26163937,SushiSwapV2,UniswapV2,18557.831325,6.508532669195135996,16249.304326,-2308.526999,0.051232,-2308.578231,false
26163937,UniswapV2,SushiSwapV2,18637.951807,7.395101346285558320,16331.354868,-2306.596939,0.051232,-2306.648171,false
26163937,SushiSwapV2,UniswapV2,18637.951807,6.533324009901917162,16311.099143,-2326.852664,0.051232,-2326.903896,false
26163937,UniswapV2,SushiSwapV2,18718.072289,7.426832830921488441,16393.181155,-2324.891134,0.051232,-2324.942366,false
26163937,SushiSwapV2,UniswapV2,18718.072289,6.558090269331019876,16372.830688,-2345.241601,0.051232,-2345.292833,false
26163937,UniswapV2,SushiSwapV2,18798.192771,7.458563816189650952,16454.944308,-2343.248463,0.051232,-2343.299695,false
26163937,SushiSwapV2,UniswapV2,18798.192771,6.582831485525108583,16434.499059,-2363.693712,0.051232,-2363.744944,false
26163937,UniswapV2,SushiSwapV2,18878.313253,7.490294302101833808,16516.644422,-2361.668831,0.051232,-2361.720063,false
26163937,SushiSwapV2,UniswapV2,18878.313253,6.607547696449950371,16496.104353,-2382.208900,0.051232,-2382.260132,false
26163937,UniswapV2,SushiSwapV2,18958.433735,7.522024288669824593,16578.281594,-2380.152141,0.051232,-2380.203373,false
26163937,SushiSwapV2,UniswapV2,18958.433735,6.632238939994609170,16557.646666,-2400.787069,0.051232,-2400.838301,false
26163937,UniswapV2,SushiSwapV2,19038.554217,7.553753775905410519,16639.855921,-2398.698296,0.051232,-2398.749528,false
26163937,SushiSwapV2,UniswapV2,19038.554217,6.656905253971639355,16619.126096,-2419.428121,0.051232,-2419.479353,false
26163937,UniswapV2,SushiSwapV2,19118.674699,7.585482763820378428,16701.367499,-2417.307200,0.051232,-2417.358432,false
26163937,SushiSwapV2,UniswapV2,19118.674699,6.681546676117278776,16680.542737,-2438.131962,0.051232,-2438.183194,false
26163937,UniswapV2,SushiSwapV2,19198.795181,7.617211252426514790,16762.816422,-2435.978759,0.051232,-2436.029991,false
26163937,SushiSwapV2,UniswapV2,19198.795181,6.706163244091641190,16741.896688,-2456.898493,0.051232,-2456.949725,false
26163937,UniswapV2,SushiSwapV2,19278.915663,7.648939241735605707,16824.202788,-2454.712875,0.051232,-2454.764107,false
26163937,SushiSwapV2,UniswapV2,19278.915663,6.730754995478908124,16803.188042,-2475.727621,0.051232,-2475.778853,false
26163937,UniswapV2,SushiSwapV2,19359.036145,7.680666731759436907,16885.526692,-2473.509453,0.051232,-2473.560685,false
26163937,SushiSwapV2,UniswapV2,19359.036145,6.755321967787520146,16864.416897,-2494.619248,0.051232,-2494.670480,false
26163937,UniswapV2,SushiSwapV2,19439.156627,7.712393722509793748,16946.788228,-2492.368399,0.051232,-2492.419631,false
26163937,SushiSwapV2,UniswapV2,19439.156627,6.779864198450367564,16925.583348,-2513.573279,0.051232,-2513.624511,false
26163937,UniswapV2,SushiSwapV2,19519.277108,7.744120213602479551,17007.987492,-2511.289616,0.051232,-2511.340848,false
26163937,SushiSwapV2,UniswapV2,19519.277108,6.804381724519126346,16986.687489,-2532.589619,0.051232,-2532.640851,false
26163937,UniswapV2,SushiSwapV2,19599.397590,7.775846205841248495,17069.124579,-2530.273011,0.051232,-2530.324243,false
26163937,SushiSwapV2,UniswapV2,19599.397590,6.828874583888172140,17047.729417,-2551.668173,0.051232,-2551.719405,false
26163937,UniswapV2,SushiSwapV2,19679.518072,7.807571698841896929,17130.199583,-2549.318489,0.051232,-2549.369721,false
26163937,SushiSwapV2,UniswapV2,19679.518072,6.853342813458720609,17108.709226,-2570.808846,0.051232,-2570.860078,false
26163937,UniswapV2,SushiSwapV2,19759.638554,7.839296692616208726,17191.212600,-2568.425954,0.051232,-2568.477186,false
26163937,SushiSwapV2,UniswapV2,19759.638554,6.877786450363356534,17169.627011,-2590.011543,0.051232,-2590.062775,false
26163937,UniswapV2,SushiSwapV2,19839.759036,7.871021187175967391,17252.163723,-2587.595313,0.051232,-2587.646545,false
26163937,SushiSwapV2,UniswapV2,19839.759036,6.902205531660059328,17230.482867,-2609.276169,0.051232,-2609.327401,false
26163937,UniswapV2,SushiSwapV2,19919.879518,7.902745182532956057,17313.053047,-2606.826471,0.051232,-2606.877703,false
26163937,SushiSwapV2,UniswapV2,19919.879518,6.926600094332390322,17291.276888,-2628.602630,0.051232,-2628.653862,false
26163937,UniswapV2,SushiSwapV2,20000.000000,7.934468678698957484,17373.880665,-2626.119335,0.051232,-2626.170567,false
26163937,SushiSwapV2,UniswapV2,20000.000000,6.950970175289679463,17352.009167,-2647.990833,0.051232,-2648.042065,false
