timestamp_unix,block,configured_pools,loaded_pools,unique_tokens,routes,reserve_rpc_ms,quote_optimization_ms,scan_total_ms
1791659717,26164060,5,5,3,10,104.879,1.399,106.293
1791659730,26164061,5,5,3,10,82.825,1.393,84.227
1791659736,26164062,5,5,3,10,85.817,1.386,87.213
1791659790,26164066,5,5,3,10,89.072,1.372,90.453
1791659796,26164067,5,5,3,10,101.005,1.973,186.618
1791659811,26164068,5,5,3,10,91.579,1.754,177.491
1791659821,26164069,5,5,3,10,88.255,1.362,172.881
1791659831,26164070,5,5,3,10,88.313,1.355,173.613
1791659847,26164071,5,5,3,10,90.950,1.354,176.191
1791659857,26164072,5,5,3,10,90.114,1.391,176.036
1791659867,26164073,5,5,3,10,88.364,1.504,173.984
1791659883,26164074,5,5,3,10,88.444,1.356,173.173
1791659893,26164075,5,5,3,10,88.921,1.349,174.445
1791659903,26164076,5,5,3,10,90.829,1.350,176.683
1791659919,26164077,5,5,3,10,90.940,1.417,176.064
1791660202,26164100,5,5,3,10,105.746,1.577,107.335
