timestamp,block,pools,calls,batch_size,workers,trial,elapsed_ms,requests,successes,failures,error
1791660076,26164090,5,50,10,1,1,515.836,5,50,0,""
1791660076,26164090,5,50,10,1,2,536.427,5,50,0,""
1791660077,26164090,5,50,10,1,3,527.541,5,50,0,""
1791660078,26164090,5,50,10,1,4,518.402,5,50,0,""
1791660078,26164090,5,50,10,1,5,517.704,5,50,0,""
1791660079,26164090,5,50,10,2,1,394.556,5,44,6,"2 of 10 calls returned RPC errors | 2 of 10 calls returned RPC errors | 2 of 10 calls returned RPC errors"
1791660079,26164090,5,50,10,2,2,303.880,5,17,33,"4 of 10 calls returned RPC errors | 7 of 10 calls returned RPC errors | 9 of 10 calls returned RPC errors"
1791660080,26164090,5,50,10,2,3,302.699,5,3,47,"7 of 10 calls returned RPC errors | 10 of 10 calls returned RPC errors | HTTP status 429 Too Many Requests"
1791660080,26164090,5,50,10,2,4,288.093,5,0,50,"HTTP status 429 Too Many Requests | HTTP status 429 Too Many Requests | 10 of 10 calls returned RPC errors"
1791660081,26164090,5,50,10,2,5,279.664,5,0,50,"HTTP status 429 Too Many Requests | HTTP status 429 Too Many Requests | HTTP status 429 Too Many Requests"
1791660081,26164090,5,50,10,4,1,193.852,5,0,50,"10 of 10 calls returned RPC errors | HTTP status 429 Too Many Requests | 10 of 10 calls returned RPC errors"
1791660081,26164090,5,50,10,4,2,205.250,5,0,50,"10 of 10 calls returned RPC errors | 10 of 10 calls returned RPC errors | 10 of 10 calls returned RPC errors"
1791660082,26164090,5,50,10,4,3,199.594,5,0,50,"10 of 10 calls returned RPC errors | HTTP status 429 Too Many Requests | HTTP status 429 Too Many Requests"
1791660082,26164090,5,50,10,4,4,187.123,5,10,40,"HTTP status 429 Too Many Requests | HTTP status 429 Too Many Requests | HTTP status 429 Too Many Requests"
1791660082,26164090,5,50,10,4,5,186.495,5,20,30,"HTTP status 429 Too Many Requests | HTTP status 429 Too Many Requests | HTTP status 429 Too Many Requests"
1791660083,26164090,5,50,20,1,1,323.294,3,37,13,"4 of 20 calls returned RPC errors | 3 of 20 calls returned RPC errors | 6 of 10 calls returned RPC errors"
1791660083,26164090,5,50,20,1,2,299.491,3,0,50,"HTTP status 429 Too Many Requests | 20 of 20 calls returned RPC errors | HTTP status 429 Too Many Requests"
1791660084,26164090,5,50,20,1,3,308.591,3,0,50,"HTTP status 429 Too Many Requests | 20 of 20 calls returned RPC errors | 10 of 10 calls returned RPC errors"
1791660084,26164090,5,50,20,1,4,326.679,3,0,50,"20 of 20 calls returned RPC errors | 20 of 20 calls returned RPC errors | 10 of 10 calls returned RPC errors"
1791660085,26164090,5,50,20,1,5,293.062,3,0,50,"20 of 20 calls returned RPC errors | HTTP status 429 Too Many Requests | HTTP status 429 Too Many Requests"
1791660085,26164090,5,50,20,2,1,196.673,3,0,50,"HTTP status 429 Too Many Requests | 10 of 10 calls returned RPC errors | HTTP status 429 Too Many Requests"
1791660085,26164090,5,50,20,2,2,197.406,3,23,27,"4 of 20 calls returned RPC errors | HTTP status 429 Too Many Requests | 13 of 20 calls returned RPC errors"
1791660086,26164090,5,50,20,2,3,202.951,3,10,40,"10 of 20 calls returned RPC errors | HTTP status 429 Too Many Requests | HTTP status 429 Too Many Requests"
1791660086,26164090,5,50,20,2,4,201.292,3,12,38,"HTTP status 429 Too Many Requests | 5 of 10 calls returned RPC errors | 13 of 20 calls returned RPC errors"
1791660086,26164090,5,50,20,2,5,199.833,3,0,50,"20 of 20 calls returned RPC errors | HTTP status 429 Too Many Requests | HTTP status 429 Too Many Requests"
1791660087,26164090,5,50,20,4,1,96.302,3,0,50,"HTTP status 429 Too Many Requests | HTTP status 429 Too Many Requests | HTTP status 429 Too Many Requests"
1791660087,26164090,5,50,20,4,2,96.990,3,0,50,"HTTP status 429 Too Many Requests | HTTP status 429 Too Many Requests | HTTP status 429 Too Many Requests"
1791660087,26164090,5,50,20,4,3,112.228,3,0,50,"HTTP status 429 Too Many Requests | 20 of 20 calls returned RPC errors | HTTP status 429 Too Many Requests"
1791660087,26164090,5,50,20,4,4,106.731,3,0,50,"HTTP status 429 Too Many Requests | HTTP status 429 Too Many Requests | 10 of 10 calls returned RPC errors"
1791660088,26164090,5,50,20,4,5,95.395,3,0,50,"HTTP status 429 Too Many Requests | HTTP status 429 Too Many Requests | HTTP status 429 Too Many Requests"
1791660088,26164090,5,50,50,1,1,95.977,1,0,50,"HTTP status 429 Too Many Requests"
1791660088,26164090,5,50,50,1,2,95.677,1,0,50,"HTTP status 429 Too Many Requests"
1791660088,26164090,5,50,50,1,3,145.299,1,50,0,""
1791660089,26164090,5,50,50,1,4,96.631,1,0,50,"HTTP status 429 Too Many Requests"
1791660089,26164090,5,50,50,1,5,96.016,1,0,50,"HTTP status 429 Too Many Requests"
1791660089,26164090,5,50,50,2,1,96.507,1,0,50,"HTTP status 429 Too Many Requests"
1791660089,26164090,5,50,50,2,2,96.663,1,0,50,"HTTP status 429 Too Many Requests"
1791660090,26164090,5,50,50,2,3,96.273,1,0,50,"HTTP status 429 Too Many Requests"
1791660090,26164090,5,50,50,2,4,146.903,1,37,13,"13 of 50 calls returned RPC errors"
1791660090,26164090,5,50,50,2,5,95.976,1,0,50,"HTTP status 429 Too Many Requests"
1791660091,26164090,5,50,50,4,1,95.887,1,0,50,"HTTP status 429 Too Many Requests"
1791660091,26164090,5,50,50,4,2,97.131,1,0,50,"HTTP status 429 Too Many Requests"
1791660091,26164090,5,50,50,4,3,96.568,1,0,50,"HTTP status 429 Too Many Requests"
1791660091,26164090,5,50,50,4,4,97.011,1,0,50,"HTTP status 429 Too Many Requests"
1791660091,26164090,5,50,50,4,5,95.892,1,0,50,"HTTP status 429 Too Many Requests"
