route,start_usdc,final_usdc,gross_usdc,gas_usdc,net_usdc
"UniswapV2[0xb4e1…c9dc]:0xa0b8…eb48→0xc02a…6cc2 | SushiSwapV2[0x397f…aca0]:0xc02a…6cc2→0xa0b8…eb48",50.00000000,49.71564400,-0.28435600,1.50521455,-1.78957055
"UniswapV2[0x3041…6f5f]:0xa0b8…eb48→0xdac1…1ec7 | UniswapV2[0x0d4a…1852]:0xdac1…1ec7→0xc02a…6cc2 | SushiSwapV2[0x397f…aca0]:0xc02a…6cc2→0xa0b8…eb48",50.00000000,49.69536000,-0.30464000,1.50521455,-1.80985455
"UniswapV2[0x3041…6f5f]:0xa0b8…eb48→0xdac1…1ec7 | UniswapV2[0x0d4a…1852]:0xdac1…1ec7→0xc02a…6cc2 | UniswapV2[0xb4e1…c9dc]:0xc02a…6cc2→0xa0b8…eb48",50.00000000,49.67967700,-0.32032300,1.50521455,-1.82553755
"SushiSwapV2[0x397f…aca0]:0xa0b8…eb48→0xc02a…6cc2 | UniswapV2[0xb4e1…c9dc]:0xc02a…6cc2→0xa0b8…eb48",50.00000000,49.64926700,-0.35073300,1.50521455,-1.85594755
"UniswapV2[0x3041…6f5f]:0xa0b8…eb48→0xdac1…1ec7 | SushiSwapV2[0x06da…4553]:0xdac1…1ec7→0xc02a…6cc2 | SushiSwapV2[0x397f…aca0]:0xc02a…6cc2→0xa0b8…eb48",50.00000000,49.63960700,-0.36039300,1.50521455,-1.86560755
"UniswapV2[0x3041…6f5f]:0xa0b8…eb48→0xdac1…1ec7 | SushiSwapV2[0x06da…4553]:0xdac1…1ec7→0xc02a…6cc2 | UniswapV2[0xb4e1…c9dc]:0xc02a…6cc2→0xa0b8…eb48",50.00000000,49.62392200,-0.37607800,1.50521455,-1.88129255
"UniswapV2[0xb4e1…c9dc]:0xa0b8…eb48→0xc02a…6cc2 | SushiSwapV2[0x06da…4553]:0xc02a…6cc2→0xdac1…1ec7 | UniswapV2[0x3041…6f5f]:0xdac1…1ec7→0xa0b8…eb48",50.00000000,49.45992800,-0.54007200,1.50521455,-2.04528655
"UniswapV2[0xb4e1…c9dc]:0xa0b8…eb48→0xc02a…6cc2 | UniswapV2[0x0d4a…1852]:0xc02a…6cc2→0xdac1…1ec7 | UniswapV2[0x3041…6f5f]:0xdac1…1ec7→0xa0b8…eb48",50.00000000,49.41946500,-0.58053500,1.50521455,-2.08574955
"SushiSwapV2[0x397f…aca0]:0xa0b8…eb48→0xc02a…6cc2 | SushiSwapV2[0x06da…4553]:0xc02a…6cc2→0xdac1…1ec7 | UniswapV2[0x3041…6f5f]:0xdac1…1ec7→0xa0b8…eb48",50.00000000,49.40948800,-0.59051200,1.50521455,-2.09572655
"SushiSwapV2[0x397f…aca0]:0xa0b8…eb48→0xc02a…6cc2 | UniswapV2[0x0d4a…1852]:0xc02a…6cc2→0xdac1…1ec7 | UniswapV2[0x3041…6f5f]:0xdac1…1ec7→0xa0b8…eb48",50.00000000,49.36905900,-0.63094100,1.50521455,-2.13615555
